,author,gender
0,Warwick Deeping,male
1,Mazo de la Roche,female
2,Pearl S. Buck,female
3,Willa Cather,female
4,Rafael Sabatini,male
5,John Galsworthy,male
6,A. A. Milne,male
7,Edna Ferber,female
8,Clemance Dane,female
9,Oliver LaFarge,male
10,Pearl Buck,female
11,Henri Fauconnier,male
12,Margaret Ayer Barnes,female
13,Clemence Dane,female
14,William McFee,male
15,E. Phillips Oppenheim,male
16,Francis Brett Young,male
17,Robert Herrick,male
18,Booth Tarkington,male
19,Anne Parrish,female
20,Mary Roberts Rinehart,female
21,Aldous Huxley,male
22,Tiffany Thayer,male
23,Vicki Baum,female
24,John Dos Passos,male
25,Louis Golding,male
26,Kathleen Norris,female
27,Julia Peterkin,female
28,A. J. Cronin,male
29,Helen Hull,female
30,Louis Bromfield,male
31,Faith Baldwin,female
32,Charles Morgan,male
33,A. Hamilton Gibbs,male
34,Alice Grant Rosman,female
35,G. B. Stern,female
36,T. S. Stribling,male
37,Lady Eleanor Smith,female
38,Temple Bailey,female
39,J. B. Priestley,male
40,Joseph C. Lincoln,male
41,Mazo De La Roche,female
42,Manuel Komroff,male
43,Ellen Glasgow,female
44,Hugh Walpole,male
45,Phyllis Bentley,female
46,Thorne Smith,male
47,Rosamond Lehmann,female
48,Lion Feuchtwanger,male
49,W. Someset Maugham,male
50,Lloyd C. Douglas,male
51,James G. Cozzens,male
52,S. S. Van Dine,male
53,Isabel Paterson,female
54,Sinclair Lewis,male
55,H. G. Wells,male
56,Fannie Hurst,female
57,G. B. Lancaster,male
58,Robert Nathan,male
59,Graham Greene,male
60,Marjorie K. Rawlings,female
61,Anonymous,unknown
62,Guy Endore,male
63,Gladys Hasty Carroll,female
64,Charles G. Norris,male
65,Hans Fallada,male
66,Jules Romains,male
67,Hervey Allen,male
68,Phil Stong,male
69,Richard Aldington,male
70,Robert Hichens,male
71,Bess Streeter Aldrich,female
72,Maz De La Roche,female
73,Janet Beith,female
74,Sigrid Undset,female
75,Dorothy Parker,female
76,Dorothy Canfield,female
77,Alice Tisdale Hobart,female
78,John Masefield,male
79,Dashiell Hammett,male
80,James Joyce,male
81,James M. Cain,male
82,Emilie Loring,female
83,R. C. Hutchinson,male
84,Agatha Christie,female
85,George Cronyn,male
86,Robert W. Chambers,male
87,Eric Linklater,male
88,Elizabeth Jenkins,female
89,Phyllis Boltome,female
90,Stefan Zweig,male
91,MacKinlay Kantor,male
92,F. Scott Fitzgerald,male
93,Isak Dinesen,female
94,Louis-Ferdinand Celine,male
95,P. G. Wodehouse,male
96,Stephen Vincent Benet,male
97,Caroline Miller,female
98,Tess Slesinger,female
99,Ann Bridge,female
100,Robert Graves,male
101,Thomas Mann,male
102,E. M. Delafield,female
103,Josephine Lawrence,female
104,Maurice Walsh,male
105,James Hilton,male
106,Stark Young,male
107,Alec Waugh,male
108,John O'Hara,male
109,Samuel Rogers,male
110,Archie Binns,male
111,Irving Stone,male
112,Mary Ellen Chase,female
113,Doris Leslie,female
114,Ruth Suckow,female
115,William Saroyan,male
116,Ethel Boileau,female
117,Victoria Lincoln,female
118,Kenneth Roberts,male
119,"""Elizabeth.",female
120,Franz Werfel,male
121,Thornton Wilder,male
122,John Knittel,male
123,Bessie Breuer,female
124,Edouard Piesson,male
125,Alfred Neumann,male
126,Eleanor Carroll Chilton,female
127,Thomas Wolfe,male
128,Bruno Frank,male
129,William Faulkner,male
130,Louis Adamic,male
131,Elizabeth Madox Roberts,female
132,Rachel Field,female
133,Susan Ertz,female
134,Katherine Brush,female
135,Enid Bagnold,female
136,James Boyd,male
137,Josephine Johnson,female
138,Humphrey Cobb,male
139,Erskine Caldwell,male
140,Robert Rylee,male
141,David Frome,male
142,Ruth Feiner,female
143,Laurence Kirk,male
144,Clarence Day,male
145,Rex Stout,male
146,H. L. Davis,male
147,Robert Briffault,male
148,Phillip Gibbs,male
149,B. S. Aldrich,male
150,Mary Ayer Barnes,female
151,Barry Benefield,male
152,James Gould Cozzens,male
153,Johan Fabricius,male
154,Lion Feuchwanger,male
155,George Santayana,male
156,Frances Frost,female
157,Marian Sims,male
158,Dorothy L. Sayers,female
159,Somerset Maugham,male
160,Elizabeth Bowen,female
161,Rebecca West,female
162,Winifred Holtby,female
163,Daphne Du Maurier,female
164,Arnold Zweig,male
165,Vincent Sheean,male
166,Margaret Mitchell,female
167,Walter D. Edmonds,male
168,John Buchan,male
169,Winifred Van Etten,female
170,John T. McIntyre,male
171,Fanny Hurst,female
172,Marcia Davenport,female
173,Janet Ayer Fairbank,female
174,Gilbert Frankau,male
175,John P. Marquand,male
176,Jolan Foldes,male
177,Maxence van der Meersch,male
178,Myron Brinig,male
179,John Steinbeck,male
180,Esther Forbes,female
181,Virginia Woolf,female
182,C. S. Forrester,male
183,Erich Maria Remarque,male
184,Millen Brand,male
185,Helen Reilly,female
186,Jerome Weldman,male
187,Trygve Gulbranssen,male
188,Michael Foster,male
189,Vaughan Wilkins,male
190,Clyde Brion Davis,male
191,Walter Duranty,male
192,Frederic Prokosch,male
193,Leonard Q. Ross,male
194,Margery Sharp,female
195,Sally Salminen,female
196,Heinrich Mann,male
197,David Pilgrim,male
198,Cecil Roberts,male
199,Ernest Hemingway,male
200,Stuart Cloethe,male
201,Elmer Rice,male
202,Rex Warner,male
203,Gunnar Gunnarsson,male
204,Marjorie Kinnan Rawlings,female
205,Phyllis Bottome,female
206,Rose Wilder Lane,female
207,Howard Spring,male
208,Gwen Bristow,female
209,Frances Parkinson Keyes,female
210,Nevil Shute,male
211,Elizabeth Goudge,female
212,Ruth McKenney,female
213,Laura Krey,female
214,William Blake,male
215,Taylor Caldwell,female
216,Evan John,male
217,F. Van Wyck Mason,male
218,Kressman Taylor,female
219,Elizabeth Page,female
220,Bruce Lancaster,male
221,C. S. Forester,male
222,John Jennings,male
223,Angela Thirkell,female
224,Rumer Godden,female
225,Pietro di Donato,male
226,Vardis Fisher,male
227,Ethel Vance,female
228,Francis Hackett,male
229,W. Somerset Maugham,male
230,Sholem Asch,male
231,Christopher Morley,male
232,Lin Yutang,male
233,Robert Henriques,male
234,Richard Llewellyn,male
235,Zsolt de Harsanyi,male
236,Richard Wright,male
237,Susan Glaspell,female
238,Elizabeth von Arnim,female
239,Henry Bellamann,male
240,F. van Wyck Mason,male
241,Evelyn Eaton,female
242,Upton Sinclair,male
243,Jan Struther,female
244,Lella Warren,female
245,Nina Fedorova,female
246,Marcus Goodrich,male
247,Maurice Hindus,male
248,J. P. Marquand,male
249,Michael Sadleir,male
250,Eric Knight,male
251,Frank Hough,male
252,Maritta Wolf,female
253,Commander Edward Ellisberg,male
254,Allis McKay,female
255,Budd Schulberg,male
256,Helen McInnes,female
257,Marguerite Steen,female
258,Isabel Rorick,female
259,Judith Kelly,female
260,Mary O'Hara,female
261,Mildred Jordan,female
262,Ben Ames Williams,male
263,Gyspy Rose Lee,female
264,Arthur Meeker,male
265,Daphne du Maurier,female
266,Struthers Burt,male
267,Bradda Field,male
268,Austin Wright,male
269,Granville Hicks,male
270,Elliott Arnold,male
271,Helen MacInnes,female
272,Elizabeth Chevalier,female
273,Dorothy Macardle,female
274,Philip Van Doren Stern,male
275,James Aldridge,male
276,Anna Seghers,female
277,Nancy Hale,female
278,Stefan Heym,male
279,Legrand Cannon,male
280,Stuart Cloete,male
281,Margaret Carpenter,female
282,Howard Fast,male
283,Xavier Herbert,male
284,Ngaio Marsh,female
285,Albert E. Idell,male
286,Vincent McHugh,male
287,Betty Smith,female
288,Elizabeth Janeway,female
289,Ilka Chase,female
290,Martha Gellhorn,female
291,Charles Jackson,male
292,John Hersey,male
293,Lillian Smith,female
294,Anne Morrow Lindbergh,female
295,Joseph S. Pennell,male
296,Kathleen Winsor,female
297,Gwenthalyn Graham,female
298,Samuel Shellaburger,male
299,Glenway Wescott,male
300,Adria Locke Langley,female
301,Ayn Rand,female
302,Wilbur Daniel Steele,male
303,Dan Wickenden,male
304,Lau Shaw,male
305,Bruce Marshall,male
306,Robert Hardy Andrews,male
307,Herbert Gorman,male
308,Lester Cohen,male
309,Thomas B. Costain,male
310,James Ramsey Ullman,male
311,Bellamy Partridge,male
312,Josephine Pinckney,female
313,Ben Burman,male
314,Nicholas Monsarrat,male
315,James Thurber,male
316,James H. Street,male
317,Nancy Bruff,female
318,Elswyth Thane,female
319,Konstantine Simonov,male
320,Jim Bishop,male
321,Evelyn Waugh,male
322,Jessamyn West,female
323,Max Shulman,male
324,Arthur Miller,male
325,Max White,male
326,Robert Wilder,male
327,Elizabeth Metzger Howard,female
328,Mary King O'Donnell,female
329,Anya Seton,female
330,Frank Yerby,male
331,Ann Petry,female
332,Fannie Cook,female
333,Josephine W. Johnson,female
334,Jo Sinclair,female
335,Gladys Schmitt,female
336,Theodore Dreiser,male
337,Edmund Wilson,male
338,Garland Roark,male
339,Mary Jane Ward,female
340,Gerald Kersh,male
341,Eudora Welty,female
342,Shirley Seifert,female
343,Rosamond Marshall,female
344,James T. Farrell,male
345,W.Somerset Maugham,male
346,Frederic Wakeman,male
347,R.G. Waldeck,male
348,Marian Castle,female
349,Nancy Mitford,female
350,Edward McSorley,male
351,Ruth Moore,female
352,Helen Howe,female
353,Sholom Aleichem,male
354,H. Allen Smith,male
355,Halldor Laxness,male
356,Robert Penn Warren,male
357,Thomas Heggen,male
358,George Orwell,male
359,Christine Weston,female
360,Christopher La Farge,male
361,Russell Janney,male
362,William Lindsay Gresham,male
363,Pat Frank,male
364,C.S. Forester,male
365,Frank Slaughter,male
366,Terence Hanbury White,male
367,Arthur Koestler,male
368,Jan Westcott,male
369,Inglis Fletcher,female
370,Harnett Thomas Kane,male
371,Eric Hodgins,male
372,Pierre Andrezel,male
373,William Wister Haines,male
374,Norman Collins,male
375,Herbert Krause,male
376,Marjorie Carleton,female
377,James Cain,male
378,Paul I. Wellman,male
379,Bernard Augustine De Voto,male
380,Nancy Wilson Ross,female
381,Mildred Walker,female
382,Laura Z. Hobson,female
383,Malcolm Lowry,male
384,Maurice Samuel,male
385,Harold Lamb,male
386,Feike Feikema,male
387,Edward F. Murphy,male
388,Ludwig Lewisohn,male
389,Herman Wouk,male
390,A.B. Guthrie Jr,male
391,Gabrielle Roy,female
392,Willard Motley,male
393,Stuart David Engstrand,male
394,Idwal Jones,male
395,Harry Sylvester,male
396,Natalie Anderson Scott,female
397,Arthemise Goertz,female
398,Samuel Shellanbarger,male
399,John Horne Burns,male
400,Emily Eden,female
401,W Somerset Maughan,male
402,Jean Paul Sartre,male
403,David Davidson,male
404,Ludwig Bemelmans,male
405,Virginia Eggertsen Sorensen,female
406,Monica Dickens,female
407,Norah Lofts,female
408,Richard Sherman,male
409,Gerald Warner Brace,male
410,Peter Bourne,male
411,Thomas W. Duncan,male
412,Mabel Seeley,female
413,Robert C. Ruark,male
414,Scott O'Dell,male
415,Rubylea Hall,female
416,Agnes Sligh Turnbull,female
417,Frank G. Slaughter,male
418,Neil H. Swanson,male
419,Kathryn Forbes,female
420,Guy McCrone,male
421,Howard Breslin,male
422,H.E. Bates,male
423,Ross Lockridge,male
424,Mary Roberts Rinehart.,female
425,Norman Katkov,male
426,Gore Vidal,male
427,Merle Miller,male
428,Truman Capote,male
429,Angela Mackail Thirkell,female
430,Agnes Newton Keith,female
431,Alan Paton,male
432,Dalton S. Reymond,male
433,Ralph Ingersoll,male
434,Martin Boyd,male
435,Joseph George Hitrec,male
436,Hiram Haydn,male
437,Nelia Gardner White,female
438,George R. Stewart,male
439,Harold Robbins,male
440,Norman Mailer,male
441,Zoe Oldenbourg,female
442,Baynard Kendrick,male
443,Horace McCoy,male
444,A.J. Cronin,male
445,Ellin Berlin,female
446,Hollister Noble,male
447,Robert Van Gelder,male
448,Albert Camus,male
449,Agatha Young,female
450,Irwin Shaw,male
451,Carl Sandburg,male
452,Lawrence Schoonover,male
453,Inglis Clark Fletcher,female
454,Dodie Smith,female
455,Margaret Irwin,female
456,Ira Wolfert,male
457,Mazo De la Roche,female
458,Fred Gipson,male
459,Lajos Zilaby,male
460,R.C. Hutchinson,male
461,James A. Michener,male
462,Anne Goodwin Winslow,female
463,Legette Blythe,male
464,Frances Gaither,female
465,Hope Muntz,female
466,Alfred Hayes,male
467,H.H. Lynde,male
468,Tom Lea,male
469,Joyce Cary,male
470,Philip Wylie,male
471,Edward Streeter,male
472,Harriette Simpson Arnow,female
473,Walter Van Tilburg Clark,male
474,Ivy Compton-Burnett,female
475,Robert Standish,male
476,Theodore Bonnet,male
477,Mika Waltari,male
478,John Brooks,male
479,Nelson Algren,male
480,George Howe,male
481,Paul Gallico,male
482,Raymond Chandler,male
483,"A.B. Guthrie, Jr",male
484,Henry Green,male
485,Edison Marshall,male
486,Alberto Moravia,male
487,John Sedges,male
488,Mary Lasswell,female
489,Dorothy Clarke Wilson,female
490,Paul Bowles,male
491,Samuel Shellabarger,male
492,Marghanita Laski,female
493,Frederick Buechner,male
494,Cleveland Amory,male
495,Morton Thompson,male
496,Ned Calmer,male
497,Henry Morton Robinson,male
498,Margaret Kennedy,female
499,Ernest Gebler,male
500,Jay Walz,male
501,Ruth Chatterton,female
502,Livingston Biddle,male
503,Conrad Richter,male
504,Helen Huntington Howe,female
505,Samuel Hopkins Adams,male
506,Louise A. Stinetorf,female
507,Aubrey Menen,male
508,Giovanni Guareschi,male
509,Hanama Tasaki,female
510,Arthur Gordon,male
511,Louis Falstein,male
512,Tennessee Williams,male
513,Frank Tilsley,male
514,Susan Yorke,female
515,Harnett T. Kane,male
516,Pierre La Mure,male
517,James Norman Hall,male
518,Shirley Barker,female
519,William E. Barrett,male
520,John Masters,male
521,Jean-Paul Sartre,male
522,James Jones,male
523,Reginald Arkell,male
524,Fritz Peters,male
525,Walter Karig,male
526,J.B. Priestley,male
527,Eric Ambler,male
528,Walter O'Meara,male
529,Walter Macken,male
530,Anita Loos,female
531,Francis Cardinal Spellman,male
532,Stephen Longstreet,male
533,Lillian Budd,female
534,David Garth,male
535,James Street,male
536,J.D. Salinger,male
537,Carlo Levi,male
538,John Meade Falkner,male
539,William Styron,male
540,Amanda Mae Ellis,female
541,Margaret Campbell Barnes,female
542,John Marquand,male
543,Berry Fleming,male
544,Eleanor Palffy,female
545,Joseph Henry Jackson,male
546,Par Lagerkvist,male
547,Harold Lenoir Davis,male
548,Jean Stafford,female
549,Louis Auchincloss,male
550,Carl Jonas,male
551,Francis Van Wyck Mason,male
552,Daphne Rooke,female
553,Ernestine Gilbreth Carey,female
554,Louis Kronenberger,male
555,Paul Hyde Bonner,male
556,Mary McCarthy,female
557,Ira Morris,male
558,Walter Baxter,male
559,Ralph Ellison,male
560,Edith Simon,female
561,Cecil St. Laurent,male
562,Charles Mills,male
563,Hall Hunter,female
564,Barnaby Conrad,male
565,Win Brooks,male
566,Pamela Hansford Johnson,female
567,Lael Tucker,female
568,Robert Reynolds,male
569,Giovannino Guareschi,male
570,Frank O'Conner,male
571,Jan de Hartog,male
572,Pearl Schiff,female
573,Angus Wilson,male
574,H.F.M. Prescott,female
575,Mickey Spillane,male
576,E.B. White,male
577,Madison Cooper,male
578,May Sarton,female
579,William Donohue Ellis,male
580,Robert Carson,male
581,Cameron Hawley,male
582,Annemarie Selinko,female
583,John Phillips,male
584,Pamela Frankau,female
585,Theodore Morrison,male
586,Ovid Williams Pierce,male
587,Jay Richard Kennedy,male
588,Storm Jameson,female
589,Richard A. Wright,male
590,Ilona Karmel,female
591,Warren Eyster,male
592,Oakley Hall,male
593,Don Tracy,male
594,Nikos Kazantzakis,male
595,Ernest K. Gann,male
596,Leon Uris,male
597,F.W. Kenyon,male
598,Rita Vercors,female
599,Bertrand Russell,male
600,Martin Dibner,male
601,Seymour Shubin,male
602,Saul Bellow,male
603,Paul Wellman,male
604,Charles Bracelen Flood,male
605,Andre Soubiran,male
606,Phyllis Gordon Demarest,female
607,Charles Wertenbaker,male
608,Davis Grubb,male
609,Kenneth Dodson,male
610,Joseph Hayes,male
611,Lucy Herndon Crockett,female
612,Harriette Arnow,female
613,Randall Jarrell,male
614,William March,male
615,Peter De Vries,male
616,Christopher Isherwood,male
617,Robert Tallant,male
618,Igor Gouzenko,male
619,Edwin Lanham,male
620,L.P. Hartley,male
621,Frans G. Bengtsson,male
622,Richard Haydn,male
623,Dawn Powell,female
624,Ernest Kellogg Gann,male
625,Mac Hyman,male
626,Hamilton Basso,male
627,Frances Gray Patton,female
628,Frederick Manfred,male
629,Marguerite Yourcenar,female
630,Alan Lemay,male
631,Don M. Mankiewicz,male
632,David Beaty,male
633,Patrick Dennis,male
634,John Phillips Marquand,male
635,Laurens Van Der Post,male
636,Francoise Sagan,female
637,Edward L. Beach,male
638,Nancy Hallinan,female
639,Robert Ruark,male
640,Alice Walworth Graham,female
641,Gretchen Finletter,female
642,Elizabeth Gray Vining,female
643,Kamala Markandaya,female
644,Dylan Thomas,male
645,Joseph Viertel,male
646,Sloan Wilson,male
647,Lionel Shapiro,male
648,Patrick White,male
649,Al Morgan,male
650,P.H. Newby,male
651,Thyra Ferre Bjorn,female
652,Anthony West,male
653,Nigel Dennis,male
654,Katherine Wigmore Eyre,female
655,Alistair MacLean,male
656,Joy Packer,female
657,David Garnett,male
658,Edwin Gilbert,male
659,Edwin O'Connor,male
660,Mario Soldati,male
661,Harold Sinclair,male
662,A.M. Maughan,female
663,Viña Delmar,female
664,Santha Rama Rau,female
665,Willi Heinrich,male
666,Simone de Beauvoir,female
667,Eugene Burdick,male
668,William Brinkley,male
669,B.J. Chute,female
670,Jon Godden,female
671,Honor Tracy,female
672,Helen Ashton,female
673,Anonymous aka Gladys Huntington,female
674,McCready Huston,male
675,Virginia Rowans,female
676,Grace Metalious,female
677,Yukio Mishima,male
678,Charles E. Mercer,male
679,Meyer Levin,male
680,F Van Wyck Mason,male
681,Hammond Innes,male
682,Margaret Echard,female
683,Mary Renault,female
684,Richard Powell,male
685,Frank Norris,male
686,Elizabeth Spencer,female
687,Ernest Gann,male
688,Gerald Green,male
689,Sybille Bedford,female
690,Weldon Hill,male
691,John Cheever,male
692,Richard Bissell,male
693,Tom Chamales,male
694,Kyle Onstott,male
695,Rose Macaulay,female
696,Alan Ross,male
697,C.Y. Lee,male
698,Howard Swiggett,male
699,Marjorie Housepian,female
700,Richard Mason,male
701,Max Schulman,male
702,Libbie Block,female
703,Andrew Lytle,male
704,Myron S. Kaufmann,male
705,Leonard Drohan,male
706,Jack Kerouac,male
707,John McPartland,male
708,Lawrence Durrell,male
709,Elva Williams,female
710,Vladimir Dudintsev,male
711,Otis Carney,male
712,John Braine,male
713,Ernie Kovacs,male
714,Marc Rivette,male
715,James Agee,male
716,Robert Traver,male
717,Stringfellow Barr,male
718,Romain Gary,male
719,William Humphrey,male
720,Glendon Swarthout,male
721,Dennis Murphy,male
722,Robert Lewis Taylor,male
723,H.L. Humes,male
724,Theodore H. White,male
725,Elick Moll,male
726,Evan Hunter,male
727,John Selby,male
728,Jerome Weidman,male
729,Bernard Dryer,male
730,Alice Ekert-Rotholz,female
731,J.P. Donleavy,male
732,Elaine Dundy,female
733,Vladimir Nabokov,male
734,Rona Jaffe,female
735,Charles Mergendahl,male
736,Boris Pasternak,male
737,Sergeanne Golon,female
738,Roger Vailland,male
739,Sterling Quinlan,male
740,Han Suyin,female
741,Robin White,female
742,John Updike,male
743,Evan Connell,male
744,Samuel H. Adams,male
745,Edmund Schiddel,male
746,Mary Stewart,female
747,Hugh MacLennan,male
748,"""Miss Read""",female
749,Sylvia Ashton-Warner,female
750,Friedrich Duerrenmatt,male
751,D.H. Lawrence,male
752,Alexander Cordell,male
753,Niven Busch,male
754,Max Wylie,male
755,Noel Clad,male
756,Alexis Curvers,male
757,Joseph Kessel,male
758,Robert P. Kirsch,male
759,Richard Condon,male
760,Allen Drury,male
761,Eugene Vale,male
762,Morris L. West,male
763,Maria Dermout,female
764,Yael Dayan,female
765,Leo Rosten,male
766,William Kelley,male
767,William Pearson,male
768,John Leggett,male
769,Charles Mercer,male
770,Roald Dahl,male
771,Geoffrey Jenkins,male
772,John Knowles,male
773,Frances Malm,female
774,Paul Horgan,male
775,Guiseppe di Lampedusa,male
776,C.P. Snow,male
777,Agnar Mykle,male
778,Irving Wallace,male
779,Richard Frede,male
780,Peter Gilman,male
781,Geoffrey Household,male
782,Harper Lee,female
783,James Leo Herlihy,male
784,Victoria Holt,female
785,Andre Schwarz-Bart,male
786,Noel Coward,male
787,Alexander Fedoroff,male
788,Elizabeth Taylor,female
789,A.A. Milnei,male
790,Jere Peacock,male
791,Jun'ichiro Tanizaki,male
792,William Maxwell,male
793,Tristram Coffin,male
794,Sheila Burnford,female
795,Charles E. Israel,male
796,Vita Sackville-West,female
797,Wallace Stegner,male
798,Henry Miller,male
799,Sara Kasdan,female
800,Nathaniel Benchley,male
801,Gwyn Griffin,male
802,Carson McCullers,female
803,J.R. Salamanca,male
804,Marquis William Childs,male
805,Bernard Malamud,male
806,Ann Hellesbusch Hebson,female
807,Leo Calvin Rosten,male
808,Al Dewlen,male
809,Anthony Powell,male
810,Richard Hughes,male
811,Andrew Tully,male
812,Katherine Anne Porter,female
813,Reynolds Price,male
814,Philip Roth,male
815,James Baldwin,male
816,Bart Spicer,male
817,Niccolo Tucci,male
818,James Clavell,male
819,Ian Stuart,male
820,Jorge Amado,male
821,Shirley Jackson,female
822,Robert Gover,male
823,Rosalind Erskine,female
824,James E. Bassett,male
825,Richard McKenna,male
826,Jetta Carleton,female
827,Robert St. John,male
828,Gunter Grass,male
829,Mark Rascovich,male
830,Robert H.K. Walter,male
831,John Rechy,male
832,Hal Borland,male
833,Nora Lofts,female
834,James Michener,male
835,John Fowles,male
836,Ian Fleming,male
837,Jean Genet,male
838,John le Carré,male
839,David Westheimer,male
840,Richard E. Kim,male
841,Peter DeVries,male
842,Hans Kirst,male
843,William Golding,male
844,Bruce Jay Friedman,male
845,Paul Molloy,male
846,John Gunther,male
847,Len Deighton,male
848,Stephen Becker,male
849,K.B. Gilden,male
850,Arthur Hailey,male
851,Bel Kaufman,female
852,Morris West,male
853,Fletcher Knebel,male
854,Robin Moore,male
855,John Le Carré,male
856,Noah Gordon,male
857,Shelley Mydans,female
858,John Moore,male
859,Jacqueline Susann,female
860,Adela Rogers St. Johns,female
861,Phyllis Whitney,female
862,Roderick Thorp,male
863,Noel Behn,male
864,Harry Kemelman,male
865,John Barth,male
866,Robert Crichton,male
867,Harry Mark Petrakis,male
868,Elia Kazan,male
869,Herbert Gold,male
870,Ira Levin,male
871,Chaim Potok,male
872,Sarah Gainham,female
873,Catherine Marshall,female
874,Robert J. Serling,male
875,Henry Sutton,male
876,John Kenneth Galbraith,male
877,Richard Bradford,male
878,Herbert Tarr,male
879,Charles Portis,male
880,Drew Pearson,male
881,Alexander Solzhenitsyn,male
882,Dorothy Eden,female
883,Mario Puzo,male
884,Kurt Vonnegut,male
885,Michael Crichton,male
886,Ross MacDonald,male
887,Gladys Rockmore Davis,female
888,Eugenia Price,female
889,Penelope Ashe,female
890,Jimmy Breslin,male
891,Erich Segal,male
892,Elie Wiesel,male
893,James Dickey,male
894,Gabriel Garcia Marquez,male
895,Eudura Welty,female
896,Gordon Merrick,male
897,John Weitz,male
898,Lois Gould,female
899,Christy Brown,male
900,Joan Didion,female
901,R.F. Delderfield,male
902,R.V. Cassill,male
903,Joseph Wambaugh,male
904,Ross Macdonald,male
905,Robertson Davies,male
906,Herman Raucher,male
907,Sylvia Plath,female
908,Oliver Lange,male
909,Susan Howatch,female
910,Jerzy Kosinski,male
911,Walker Percy,male
912,Thomas Tryon,male
913,William Peter Blatty,male
914,Pierre Salinger,male
915,Frederick Forsyth,male
916,E.M. Forster,male
917,George P. Garrett,male
918,George V. Higgins,male
919,Richard Bach,male
920,Jane McIlvaine McClary,female
921,James Mills,male
922,Aleksandr Solzhenitsyn,male
923,Dan Jenkins,male
924,Marilyn Durham,female
925,Trevanian,male
926,Marjorie Holmes,female
927,John Gardner,male
928,Phyllis A. Whitney,female
929,John Godey,male
930,Thomas Pynchon,male
931,Robert Ludlum,male
932,Dorothy Uhnak,female
933,Doris Lessing,female
934,Tom Wicker,male
935,Paul Emil Erdman,male
936,Lawrence Sanders,male
937,Lonnie Coleman,male
938,Margaret Craven,female
939,Peter Benchley,male
940,Richard Adams,male
941,George Higgins,male
942,Chuck Barris,male
943,Sidney Sheldon,male
944,Alfred Coppel,male
945,Paul E. Erdman,male
946,Alison Lurie,female
947,James Michener.,male
948,Harold Robbins.,male
949,Joseph Heller,male
950,Thomas Tryon.,male
951,Thomas Harris,male
952,"John D, MacDonald",male
953,Peter Matthiessen,male
954,Judith Rossner,female
955,Lothar-Guenther Buchheim,male
956,E. L. Doctorow,male
957,Jack Higgins,male
958,Lothar-Gunther Buchheim,male
959,Jerzy Kosiniski,male
960,"William F. Buckley, Jr",male
961,Leslie Waller,male
962,Frank De Felitta,male
963,Lisa Alther,female
964,Nicholas Meyer,male
965,Spiro T. Agnew,male
966,Judith Guest,female
967,Gael Greene,female
968,Francine du Plessix Gray,female
969,Clive Cussler,male
970,Joyce Haber,female
971,Sterling Hayden,male
972,Harry Patterson,male
973,Stephen King,male
974,Erica Jong,female
975,John D. MacDonald,male
976,N. Richard Nash,male
977,Colleen McCullough,female
978,William Safire,male
979,Robin Cook,male
980,Anais Nin,female
981,Robert S. Elegant,male
982,Allistair MacLean,male
983,J.R.R. Tolkien,male
984,Robert Coover,male
985,Terence H. White,male
986,Phillip Roth,male
987,Marilyn French,female
988,John Gregory Dunne,male
989,Jeffrey Archer,male
990,Sylvia Tenenbaum,female
991,Judith Krantz,female
992,Mary Higgins Clark,female
993,Anton Myrer,male
994,William F. Buckley Jr,male
995,John Irving,male
996,Mary Gordon,female
997,James Carroll,male
998,Belva Plain,female
999,Ken Follett,male
1000,M.M. Kaye,female
1001,Judy Blume,female
1002,Helen Van Slyke,female
1003,F. Lee Bailey,male
1004,Jacqueline Briskin,female
1005,Lucian K. Truscott IV,male
1006,Ruth Beebe Hill,female
1007,Neal Travis,male
1008,Peter Straub,male
1009,Walter F. Murphy,male
1010,Barbara Taylor Bradford,female
1011,William Goldman,male
1012,Jerzy Kusinski,male
1013,Norman Mailler,male
1014,Steve Shagan,male
1015,Frank McDonald,male
1016,Cynthia Freeman,female
1017,Garson Kanin,male
1018,Isaac Bashevis Singer,male
1019,Wilbur Smith,male
1020,Dee Brown,male
1021,William Martin,male
1022,Shirley Hazzard,female
1023,Eric Van Lustbader,male
1024,P.D. James,female
1025,Dick Francis,male
1026,Margaret Truman,female
1027,Michael M. Thomas,male
1028,Joyce Carol Oates,female
1029,E.L. Doctorow,male
1030,Jean M. Auel,female
1031,Danielle Steel,female
1032,Avery Corman,male
1033,Sidney Sheldon ,male
1034,Robert Elegant,male
1035,Ray Bradbury,male
1036,Oriana Fallaci,female
1037,Kit Williams,male
1038,Philip Caputo,male
1039,Fred Mustard Stewart,male
1040,Martin Cruz Smith,male
1041,Toni Morrison,female
1042,D.M. Thomas,male
1043,Frank Herbert,male
1044,Gay Courter,female
1045,Thomas Fleming,male
1046,Andrew M. Greeley,male
1047,Paul Erdman,male
1048,Anne Tolstoi Wallach,female
1049,Jackie Collins,female
1050,Robert Stone,male
1051,Bette Bao Lord,female
1052,Robert Moss,male
1053,David Niven,male
1054,Step hen King,male
1055,John Jakes,male
1056,Gail Godwin,female
1057,Paul Theroux,male
1058,Garrison Keillor,male
1059,Anne Tyler,female
1060,Thomas Thompson,male
1061,Stephen R. Donaldson,male
1062,Rita Mae Brown,female
1063,Judith Michael,female
1064,Robert A. Heinlein,male
1065,Michael Korda,male
1066,Jeffery Archer,male
1067,William Kotzwinkle,male
1068,Shirley Conran,female
1069,Gerald A. Browne,male
1070,John M. Del Vecchio,male
1071,Isaac Asimov,male
1072,Douglas Adams,male
1073,Elizabeth Forsythe Hailey,female
1074,Arthur C. Clarke,male
1075,Marion Zimmer Bradley,female
1076,Elizabeth Forsythe Halley,female
1077,Louis L'Amour,male
1078,Nora Ephron,female
1079,Alice Walker,female
1080,L. Ron Hubbard,male
1081,Malcolm Bosse,male
1082,Umberto Eco,male
1083,Umberto Eco.,male
1084,Trevanian.,male
1085,Andrew M. Greeley.,male
1086,Barbara Taylor Bradford.,female
1087,Louis L'Amour.,male
1088,Jean M. Auel.,female
1089,Mark Helprin,male
1090,Stephen Birmingham,male
1091,Bette Midler,female
1092,Anne McCaffrey,female
1093,Michael Ende,male
1094,Gary Jennings,male
1095,Susan Isaacs,female
1096,Clare Francis,female
1097,David Nevin,male
1098,Dr. Seuss,male
1099,Robert B. Parker,male
1100,Helen Hooven Santmyer,female
1101,Mary Carey,female
1102,Milan Kundera,male
1103,William Diehl,male
1104,Jayne Anne Phillips,female
1105,Janet Dailey,female
1106,Alice Adams,female
1107,Joan Rivers,female
1108,E. T. A. Hoffmann,male
1109,Tom Robbins,male
1110,Elmore Leonard,male
1111,Richard Bachman,male
1112,Anita Brookner,female
1113,Tom Clancy,male
1114,Dick Francis.,male
1115,Isabel Allende.,female
1116,Larry McMurtry,male
1117,Isabel Allende,female
1118,Larry Collins,male
1119,Marguerite Duras,female
1120,Dominick Dunne,male
1121,Bret Easton Ellis,male
1122,Anthony Hyde,male
1123,Carl Sagan,male
1124,Anne Rice,female
1125,Carlos Fuentes,male
1126,Chris Van Allsburg,male
1127,Margaret Atwood,female
1128,William F. Buckley Jr.,male
1129,Margaret Atwood.,female
1130,Christopher Buckley,male
1131,John Mortimer,male
1132,Judith Krantz.,female
1133,John Mortimer.,male
1134,Dean R. Koontz,male
1135,Marek Halter,male
1136,Sue Miller,female
1137,Sue Miller ,female
1138,William J. Caunitz,male
1139,Sally Quinn,female
1140,Tama Janowitz,female
1141,Karleen Koen,female
1142,Louise Erdrich,female
1143,Pat Conroy,male
1144,P. D. James,female
1145,Stephen Coonts,male
1146,Patrick Suskind,male
1147,Pat Conroy.,male
1148,Mona Simpson,female
1149,John Gregory  Dunne,male
1150,Sally Beauman,female
1151,Stephen Coonts.,male
1152,Stephen King.,male
1153,John Gardner.,male
1154,V. S. Naipaul.,male
1155,David Eddings.,male
1156,V. S. Naipaul,male
1157,Craig Thomas,male
1158,David Eddings,male
1159,Clive Barker,male
1160,Scott Turow,male
1161,Robert Heinlein,male
1162,Doris Mortman,female
1163,Edward Rutherfurd,male
1164,Scott Turow.,male
1165,Sidney Sheldon.,male
1166,Bruce Chatwin,male
1167,Martha Grimes,female
1168,Barbara Raskin,female
1169,Harold Coyle,male
1170,Carrie Fisher,female
1171,W. E. B. Griffin,male
1172,Gail Godwin.,female
1173,Tom Wolfe,male
1174,Patrick F. McManus,male
1175,Jonathan Winters,male
1176,Thomas Flanagan,male
1177,Rosamunde Pilcher,female
1178,Ethan Canin,male
1179,Michael Chabon,male
1180,Nelson DeMille,male
1181,William Kennedy,male
1182,Tony Hillerman,male
1183,Don DeLillo,male
1184,Diane Duane,female
1185,Joan Collins,female
1186,Anne Rivers Siddons,female
1187,Wilhelm Grimm,male
1188,Jim Morrison,male
1189,Payne Harrison,male
1190,Salman Rushdie,male
1191,LaVyrle Spencer,female
1192,Amy Tan,female
1193,Larry Bond,male
1194,Eileen Goudge,female
1195,Dale Brown,male
1196,Larry Collins.,male
1197,Doris Mortman.,female
1198,Jude Deveraux,female
1199,Margaret Truman.,female
1200,Raymond E. Feist.,male
1201,Joseph F. Girzone,male
1202,Allan Gurganus,male
1203,Jimmy Stewart.,male
1204,Jonathan Kellerman,male
1205,J.M. Dillard,female
1206,Whitley Strieber,male
1207,Jimmy Buffett,male
1208,Judith Viorst,female
1209,Jimmy Stewart,male
1210,J. M. Dillard,female
1211,Armistead Maupin,male
1212,Graeme Base,male
1213,Eric V. Lustbader,male
1214,Terry Brooks,male
1215,Martin Amis,male
1216,Sara Paretsky,female
1217,Jimmy  Buffett,male
1218,Sue Grafton,female
1219,Dominick  Dunne,male
1220,Tom  Clancy,male
1221,Dennis McFarland,male
1222,John Saul,male
1223,de Deveraux,female
1224,Kirk Douglas,male
1225,Alice Hoffman,female
1226,M. Scott Peck,male
1227,Mario Vargas Llosa,male
1228,Alexandra Day,female
1229,Jan Brett,female
1230,A. S. Byatt,female
1231,Maeve Binchy,female
1232,Charles Johnson,male
1233,John Grisham,male
1234,Josephine Hart,female
1235,John Sandford,male
1236,Whitney Otto,female
1237,Anna Quindlen,female
1238,Timothy Zahn,male
1239,Lilian Jackson Braun,female
1240,Judith McNaught,female
1241,Sandra Brown,female
1242,Robert Jordan,male
1243,Alexandra Ripley,female
1244,Michael Jan Friedman,male
1245,Robert M. Pirsig,male
1246,Art Spiegelman,male
1247,NO AUTHOR,unknown
1248,Nick Bantock,male
1249,Nicholson Baker,male
1250,Ed McBain,male
1251,Margaret Wander Bonanno,female
1252,Ivana Trump,female
1253,Jane Smiley,female
1254,Alice McDermott,female
1255,Annie Dillard,female
1256,Terry McMillan,female
1257,Cormac McCarthy,male
1258,Robert Harris,male
1259,Peter David,male
1260,Robert James Waller,male
1261,Susan Sontag,female
1262,Patricia D. Cornwell,female
1263,Donna Tartt,female
1264,Rosellen Brown,female
1265,R. A. Salvatore,male
1266,Olive Ann Burns,female
1267,Diane Carey,female
1268,James Gurney,male
1269,Tom Hegg,male
1270,Dean Koontz,male
1271,Richard North Patterson,male
1272,James Patterson,male
1273,Alan Lightman,male
1274,Tad Williams,male
1275,Carmen Carter,female
1276,Laura Esquivel,female
1277,Kaye Gibbons,female
1278,Barbara Kingsolver,female
1279,Amanda Quick,female
1280,Julie Garwood,female
1281,Michael Crichton writing as Jeffery Hudson,male
1282,Steve Martini,male
1283,William Gibson,male
1284,Carl Hiaasen,male
1285,Roger Stern,male
1286,R.A. Salvatore,male
1287,Harriet Doerr,female
1288,Peter Hoeg,male
1289,Phillip Margolin,male
1290,Peter Mayle,male
1291,Susan Hill,female
1292,Kathy Tyers,female
1293,W.E.B. Griffin,male
1294,Jayne Ann Krentz,female
1295,Diana Gabaldon,female
1296,Roddy Doyle,male
1297,A.C. Crispin,female
1298,James Redfield,male
1299,Caleb Carr,male
1300,Michael Palmer,male
1301,Allan Folsom,male
1302,Dave Wolverton,male
1303,James Finn Garner,male
1304,Jane Hamilton,female
1305,Walter Mosley,male
1306,Elizabeth George,female
1307,James Lee Burke,male
1308,Marlo Morgan,female
1309,Patricia Cornwell,female
1310,Bebe Moore Campbell,female
1311,Vonda N. McIntyre,female
1312,Don Imus,male
1313,Jimmy Carter,male
1314,Pete Dexter,male
1315,George Dawes Green,male
1316,Jack Finney,male
1317,Maya Angelou,female
1318,Stanley Pottinger,male
1319,Barbara Hambly,female
1320,Patrick O'Brian,male
1321,Deepak Chopra,male
1322,Winston Groom,male
1323,Nicholas Evans,male
1324,Louisa May Alcott,female
1325,Kevin J. Anderson,male
1326,Richard Paul Evans,male
1327,Johanna Lindsey,female
1328,David Baldacci,male
1329,Tami Hoag,female
1330,E. Lynn Harris,male
1331,David Saltzman,male
1332,Nora Roberts,female
1333,Steve Perry,male
1334,John Darnton,male
1335,Jane Mendelsohn,female
1336,Connie Briscoe,female
1337,Shel Silverstein,male
1338,E. Annie Proulx,female
1339,Jeff Shaara,male
1340,Tess Gerritsen,female
1341,Jacquelyn Mitchard,female
1342,Stuart Woods,male
1343,Nicholas Sparks,male
1344,Julie Salamon,female
1345,Daniel Silva,male
1346,Raymond E. Feist,male
1347,Douglas Kennedy,male
1348,Jan Karon,female
1349,Pete Hamill,male
1350,Brad Meltzer,male
1351,John Case,male
1352,Mary Jo Putney,female
1353,Joseph Kanon,male
1354,Charles Frazier,male
1355,Catherine Coulter,female
1356,Arundhati Roy,female
1357,Faye Kellerman,female
1358,Lorenzo Carcaterra,male
1359,Kathy Reichs,female
1360,Diane Mott Davidson,female
1361,Elizabeth Lowell,female
1362,Terry Goodkind,male
1363,Arthur Golden,male
1364,Ted Hughes,male
1365,Christopher Reich,male
1366,Michael Connelly,male
1367,Brian Jacques,male
1368,Iain Pears,male
1369,Dorothy Allison,female
1370,Gary Larson,male
1371,Jewel Kilcher,female
1372,Helen Fielding,female
1373,Wally Lamb,male
1374,Bailey White,female
1375,Barbara Delinsky,female
1376,Linda Howard,female
1377,Lorrie Moore,female
1378,J. K. Rowling,female
1379,Ian McEwan,male
1380,George R. R. Martin,male
1381,Elizabeth Strout,female
1382,Sebastian Faulks,male
1383,Michael Cunningham,male
1384,David Guterson,male
1385,Janet Fitch,female
1386,Neal Stephenson,male
1387,Melissa Bank,female
1388,Melinda Haynes,female
1389,Janet Evanovich,female
1390,Jeffery Deaver,male
1391,Iris Johansen,female
1392,Orson Scott Card,male
1393,Dave Barry,male
1394,Kent Haruf,male
1395,Robert Morgan,male
1396,Christopher Paul Curtis,male
1397,Lisa Scottoline,female
1398,Tracy Chevalier,female
1399,David Weber,male
1400,Nevada Barr,female
1401,Tawni O'Dell,female
1402,Stephen Harrigan,male
1403,Greg Bear,male
1404,Elizabeth Peters,female
1405,Michael Ondaatje,male
1406,Zadie Smith,female
1407,Eric Jerome Dickey,male
1408,Ridley Pearson,male
1409,Stephen Hunter,male
1410,Vincent Lardo,male
1411,Perri O'Shaughnessy,female
1412,Omar Tyree,male
1413,Elizabeth Berg,female
1414,Candace Bushnell,female
1415,Christina Schwarz,female
1416,Christopher Rice,male
1417,Laurell K. Hamilton,female
1418,Steve Martin,male
1419,Alice Alfonsi,female
1420,John le Carre,male
1421,Michael Reaves,male
1422,Dennis Lehane,male
1423,Susan Elizabeth Phillips,female
1424,Nuala O'Faolain,female
1425,Fern Michaels,female
1426,Anita Shreve,female
1427,Kristin Hannah,female
1428,James Ellroy,male
1429,Chuck Palahniuk,male
1430,James Luceno,male
1431,Richard Russo,male
1432,Lalita Tademy,female
1433,Neil Gaiman,male
1434,Alice Randall,female
1435,Harlan Coben,male
1436,Greg Iles,male
1437,Nick Hornby,male
1438,Robert Crais,male
1439,J. A. Jance,female
1440,Jonathan Franzen,male
1441,Linda Fairstein,female
1442,Vince Flynn,male
1443,Lawrence Block,male
1444,Mattie J.T. Stepanek,male
1445,Mattie J. T. Stepanek,male
1446,Troy Denning,male
1447,John Lescroart,male
1448,Alan Dean Foster,male
1449,Jasper Fforde,male
1450,Anne Perry,female
1451,Stephen White,male
1452,Sharon Kay Penman,female
1453,Jonathan Safran Foer,male
1454,Kate White,female
1455,Stephen L. Carter,male
1456,Adèle Lang,female
1457,Ann Packer,female
1458,Alice Sebold,female
1459,Jean M.Auel,female
1460,Fannie Flagg,female
1461,Adam Haslett,male
1462,Alan Furst,male
1463,Michel Faber,male
1464,Lee Smith,female
1465,Walter Jon Williams,male
1466,Allison Pearson,female
1467,Anne Lamott,female
1468,Donna VanLiere,female
1469,Joel C. Rosenberg,male
1470,Yann Martel,male
1471,Karen Robards,female
1472,Stephanie Laurens,female
1473,Elizabeth Buchan,female
1474,James Siegel,male
1475,Matthew Pearl,male
1476,T. Coraghessan Boyle,male
1477,Dan Brown,male
1478,Kathleen E. Woodiwiss,female
1479,Bernard Cornwell,male
1480,Lauren Weisberger,female
1481,Alexander McCall Smith,male
1482,Andy Andrews,male
1483,Carolyn Parkhurst,female
1484,Dorothea Benton Frank,female
1485,Adriana Trigiani,female
1486,Suzanne Brockmann,female
1487,Mark Haddon,male
1488,Kay Hooper,female
1489,Jhumpa Lahiri,female
1490,Audrey Niffenegger,female
1491,Jonathan Lethem,male
1492,Mitch Albom,male
1493,Haywood Smith,female
1494,Elisabeth Robinson,female
1495,Joseph Finder,male
1496,J. D. Robb,female
1497,Jennifer Crusie,female
1498,Sarah Dunant,female
1499,Laurie R. King,female
1500,John Dunning,male
1501,Tom Perrotta,male
1502,Edwidge Danticat,female
1503,Chang-rae Lee,male
1504,Jodi Picoult,female
1505,Plum Sykes,female
1506,Lolly Winston,female
1507,Karen Joy Fowler,female
1508,Lee Child,male
1509,Jane Green,female
1510,Randy Wayne White,male
1511,Mary Balogh,female
1512,Diana Palmer,female
1513,Karen Marie Moning,female
1514,Pamela Anderson,female
1515,Susanna Clarke,female
1516,Kristin Gore,female
1517,Jennifer Weiner,female
1518,Sophie Kinsella,female
1519,Mark Winegardner,male
1520,Alice Munro,female
1521,Philippa Gregory,female
1522,Zane,male
1523,Lisa Gardner,female
1524,Marilynne Robinson,female
1525,Curtis Sittenfeld,female
1526,Haruki Murakami,male
1527,Mary Doria Russell,female
1528,Elizabeth Flock,female
1529,Frank Delaney,male
1530,Matthew Stover,male
1531,Rebecca Wells,female
1532,Sue Monk Kidd,female
1533,Debbie Macomber,female
1534,Charlaine Harris,female
1535,Steve Berry,male
1536,Elizabeth Kostova,female
1537,John Twelve Hawks,male
1538,Tilly Bagshawe,female
1539,Brett Easton Ellis,male
1540,Ted Bell,male
1541,Douglas Preston,male
1542,Robert Hicks,male
1543,Gregory Maguire,male
1544,Raymond Khoury,male
1545,Julian Barnes,male
1546,Kimberla Lawson Roby,female
1547,Jay McInerney,male
1548,Heather Graham,female
1549,T. Jefferson Parker,male
1550,Thomas Perry,male
1551,Kate Mosse,female
1552,Javier Sierra,male
1553,Christopher Moore,male
1554,Allegra Goodman,female
1555,Lisa Jackson,female
1556,Irène Némirovsky,female
1557,Wendy Wasserstein,female
1558,Gary Troup,male
1559,Sherrilyn Kenyon,female
1560,Aaron Allston,male
1561,Sara Gruen,female
1562,Emily Giffin,female
1563,James Rollins,male
1564,Luanne Rice,female
1565,Scott Smith,male
1566,Kathleen McGowan,female
1567,Gordon Dahlquist,male
1568,George Pelecanos,male
1569,Marisha Pessi,female
1570,Karin Slaughter,female
1571,Claire Messud,female
1572,Christine Feehan,female
1573,Edward P. Jones,male
1574,Diane Setterfield,female
1575,Max Brooks,male
1576,Mark Z. Danielewski,male
1577,Drew Karpyshyn,male
1578,Dave Eggers,male
1579,Lincoln Child,male
1580,Chris Bohjalian,male
1581,Joe Hill,male
1582,Alison Weir,female
1583,Lisa Kleypas,female
1584,Laura Lippman,female
1585,Lionel Shriver,female
1586,Kurt Andersen,male
1587,Kim Harrison,female
1588,Michael Gruber,male
1589,Jim Butcher,male
1590,Mohsin Hamid,male
1591,Andrew Gross,male
1592,Kelley Armstrong,female
1593,Khaled Hosseini,male
1594,Karen Traviss,female
1595,Ann Brashares,female
1596,Holly Peterson,female
1597,Lisa See,female
1598,Brad Thor,male
1599,Harry Turtledove,male
1600,Megan McCafferty,female
1601,Nancy Horan,female
1602,Amy Bloom,female
1603,Denis Johnson,male
1604,Chelsea Cain,female
1605,Junot Díaz,male
1606,Jason F. Wright,male
1607,Sarah Addison Allen,female
1608,Terry Pratchett,male
1609,Jeff Lindsay,male
1610,Ann Patchett,female
1611,Donald McCaig,male
1612,Geraldine Brooks,female
1613,Charles Bock,male
1614,Kendall Hart,female
1615,Alex Berenson,male
1616,Lauren Groff,female
1617,Jacqueline Winspear,female
1618,Mary Kay Andrews,female
1619,Richard Price,male
1620,Marisa de los Santos,female
1621,Meg Wolitzer,female
1622,Carol Higgins Clark,female
1623,Tom Rob Smith,male
1624,Stephenie Meyer,female
1625,James Frey,male
1626,Garth Stein,male
1627,David Wroblewski,male
1628,Brunonia Barry,female
1629,Andrew Davidson,male
1630,David Ebershoff,male
1631,Sean Williams,male
1632,Stieg Larsson,male
1633,Katherine Neville,female
1634,Sister Souljah,female
1635,W. E.B. Griffin,male
1636,Janice Y. K. Lee,female
1637,Josh Bazell,male
1638,Patricia Briggs,female
1639,T. C. Boyle,male
1640,Spencer Quinn,male
1641,Joanne Fluke,female
1642,Kathryn Stockett,female
1643,Jamie Ford,male
1644,Jennifer Chiaverini,female
1645,John L. Parker Jr.,male
1646,Ted Dekker,male
1647,William R. Forstchen,male
1648,Sandra Dallas,female
1649,Christie Golden,female
1650,J. R. Ward,female
1651,John Hart,male
1652,MaryJanice Davidson,female
1653,Katherine Howe,female
1654,Carlos Ruiz Zafón,male
1655,Elin Hilderbrand,female
1656,"J. A, Jance",female
1657,Nancy Grace,female
1658,Lev Grossman,male
1659,S. M. Stirling,male
1660,Jeannette Walls,female
1661,Richard Castle,male
1662,Joe Schreiber,male
1663,Hilary Mantel,female
1664,Leila Meacham,female
1665,Sarah Blake,female
1666,Henning Mankell,male
1667,Cathleen Schine,female
1668,Seth Grahame-Smith,male
1669,Danielle Trussoni,female
1670,Helen Simonson,female
1671,Francine Rivers,female
1672,Karl Marlantes,male
1673,Tom Rachman,male
1674,Justin Cronin,male
1675,Glenn Beck,male
1676,David Mitchell,male
1677,Aimee Bender,female
1678,Tana French,female
1679,Gary Shteyngart,male
1680,Anne Fortier,female
1681,Brandon Sanderson,male
1682,Emma Donoghue,female
1683,Tatiana de Rosnay,female
1684,David Sedaris,male
1685,Kristen Britain,female
1686,Eleanor Brown,female
1687,Dana Stabenow,female
1688,Deborah Harkness,female
1689,Alan Bradley,male
1690,Karen Russell,female
1691,J.A. Jance,female
1692,Paula McLain,female
1693,Patrick Rothfuss,male
1694,Anne Bishop,female
1695,Tea Obreht,female
1696,C. J. Box,male
1697,Paul S. Kemp,male
1698,Francine Pascal,female
1699,David Foster Wallace,male
1700,Carolyn Hennesy,female
1701,Diane Miller,female
1702,Kyung-Sook Shin,female
1703,Jack Campbell,male
1704,Jen Lancaster,female
1705,Jo Nesbo,male
1706,Albert Brooks,male
1707,Nalini Singh,female
1708,Daniel H. Wilson,male
1709,J. Courtney Sullivan,female
1710,Lars Kepler,male
1711,S. J. Watson,male
1712,Amor Towles,male
1713,Louise Penny,female
1714,Vanessa Diffenbaugh,female
1715,Chad Harbach,male
1716,Erin Morgenstern,female
1717,Michael Savage,male
1718,Michael Brandman,male
1719,Paulo Coelho,male
1720,James Wesley Rawles,male
1721,Jeffrey Eugenides,male
1722,Colson Whitehead,male
1723,Kresley Cole,female
1724,Lara Adrian,female
1725,Tim Dorsey,male
1726,William Landay,male
1727,Adam Johnson,male
1728,Deborah Crombie,female
1729,Paul Garrison,male
1730,Lisa Lutz,female
1731,Chris Pavone,male
1732,Sanjay Gupta,male
1733,Donna Leon,female
1734,Charlotte Rogan,female
1735,J.R. Ward,female
1736,Ron Rash,male
1737,Ace Atkins,male
1738,W. Bruce Cameron,male
1739,Ed Falco,male
1740,Richard Ford,male
1741,Gillian Flynn,female
1742,John Scalzi,male
1743,Karen Thompson Walker,female
1744,Jess Walter,male
1745,Maggie Shipstead,female
1746,Chris Cleave,male
1747,Carlos Ruiz Zafon,male
1748,M. L. Stedman,male
1749,Peter Heller,male
1750,Maria Semple,female
1751,William Kent Krueger,male
1752,Brent Weeks,male
1753,Jo Nesbø,male
1754,David Wong,male
1755,Kate Morton,female
1756,Robert Kirkman,male
1757,Patrick Taylor,male
1758,Karen Kingsbury,female
1759,Kevin Powers,male
1760,Lois McMaster Bujold,female
1761,Wm. Paul Young,male
1762,Ayana Mathis,female
1763,George Saunders,male
1764,Ian Rankin,male
1765,Charles Todd,male
1766,Melanie Benjamin,female
1767,Herman Koch,male
1768,Edward Kelsey Moore,male
1769,Therese Anne Fowler,female
1770,Kate Atkinson,female
1771,James Salter,male
1772,Kimberly McCreight,female
1773,Philip Kerr,male
1774,Susan Wiggs,female
1775,Lauren Graham,female
1776,Philipp Meyer,male
1777,Colum McCann,male
1778,Craig Johnson,male
1779,Ian Doescher,male
1780,Robert Galbraith,male
1781,David Rakoff,male
1782,Liane Moriarty,female
1783,Marisha Pessl,female
1784,Samantha Shannon,female
1785,John Jackson Miller,male
1786,Jason Mott,male
1787,Elizabeth Gilbert,female
1788,Anne Hillerman,female
1789,Mary Oliver,female
1790,Eleanor Catton,female
1791,Billy Collins,male
1792,Doug Dorst,male
1793,B. J. Novak,male
1794,Andy Weir,male
1795,Phil Klay,male
1796,Olen Steinhauer,male
1797,Jean Hanff Korelitz,female
1798,Ann B. Ross,female
1799,Gabrielle Zevin,female
1800,Francine Prose,female
1801,Anthony Doerr,male
1802,Ruth Reichl,female
1803,Emma Straub,female
1804,Jojo Moyes,female
1805,Edan Lepucki,female
1806,Rainbow Rowell,female
1807,Mark Greaney,male
1808,Ilona Andrews,female
1809,Robin Hobb,female
1810,Matthew Thomas,male
1811,Reed Farrel Coleman,male
1812,Sophie Hannah,female
1813,John Darnielle,male
1814,Sarah Waters,female
1815,Emily St. John Mandel,female
1816,Colm Toibin,male
1817,Richard Flanagan,male
1818,Anita Diamant,female
1819,Brad Taylor,male
1820,Graeme Simsion,male
1821,Pierce Brown,male
1822,Paula Hawkins,female
1823,Miranda July,female
1824,Tim Johnston,male
1825,David Duchovny,male
1826,Richard Price writing as Harry Brandt,male
1827,Allison Pataki,female
1828,Kazuo Ishiguro,male
1829,Ian Caldwell,male
1830,Jill Alexander Essbaum,female
1831,Peter V. Brett,male
1832,Lisa Genova,female
1833,A.N. Roquelaure,female
1834,Karl Ove Knausgaard,male
1835,Jessica Knoll,female
1836,Paolo Bacigalupi,male
1837,Jason Matthews,male
1838,Grant Blackwood,male
1839,Nina George,female
1840,Ernest Cline,male
1841,Don Winslow,male
1842,Paula Mclain,female
1843,Ruth Ware,female
1844,Ivan Doig,male
1845,David Lagercrantz,male
1846,Chuck Wendig,male
1847,Garth Risk Hallberg,male
1848,Ethan Hawke,male
1849,Fiona Barton,female
1850,Cynthia D'Aprix Sweeney,female
1851,Jim Harrison,male
1852,Edna O'Brien,female
1853,Martha Hall Kelly,female
1854,Dominic Smith,male
1855,L. S. Hilton,female
1856,Claudia Gray,female
1857,Steve Hamilton,male
1858,Stephanie Danler,female
1859,Noah Hawley,male
1860,Yaa Gyasi,female
1861,Emma Cline,female
1862,Annie Proulx,female
1863,Julian Fellowes,male
1864,Delia Ephron,female
1865,Blake Crouch,male
1866,B. A. Paris,female
1867,Jacqueline Woodson,female
1868,Graham Moore,male
1869,Nathan Hill,male
1870,Shari Lapena,female
1871,Kyle Mills,male
1872,Mark Frost,male
1873,Brit Bennett,female
1874,Stephanie Meyer,female
1875,Alexander Freed,male
1876,Karen White,female
1877,J. P. Delaney,male
1878,Paul Auster,male
1879,Sarah Pinborough,female
1880,V. E. Schwab,female
1881,Christina Baker Kline,female
1882,J P Delaney,male
1883,Jessica Shattuck,female
1884,Fredrik Backman,male
1885,Kevin Kwan,male
1886,Anthony Horowitz,male
1887,Mike Maden,male
1888,Mary Alice Monroe,female
1889,Susan Mallery,female
1890,Linda Castillo,female
1891,Lisa Wingate,female
1892,Janelle Brown,female
1893,Edgar Cantero,male
1894,C.J. Box,male
1895,C J. Box,male
1896,Susan Elia MacNeal,female
1897,Gabriel Tallent,male
1898,Delilah S. Dawson,female
1899,J.D. Robb,female
1900,Celeste Ng,female
1901,Jesmyn Ward,female
1902,Jennifer Egan,female
1903,Tom Hanks,male
1904,Marc Cameron,male
1905,A.J. Finn,male
1906,Naomi Alderman,female
1907,Chloe Benjamin,female
1908,Karen Cleveland,female
1909,Tayari Jones,female
1910,Jason Fry,male
1911,Madeline Miller,female
1912,Richard Powers,male
1913,Lisa Jewell,female
1914,Daniel José Older,male
1915,Jake Tapper,male
1916,Rachel Kushner,female
1917,Aimee Molloy,female
1918,Katherine Center,female
1919,Catherine Steadman,female
1920,Tommy Orange,male
1921,Fatima Farheen Mirza,female
1922,B.A. Paris,female
1923,Riley Sager,male
1924,Beatriz Williams,female
1925,Naomi Novik,female
1926,Ottessa Moshfegh,female
1927,Rosie Walsh,female
1928,Nico Walker,male
1929,Delia Owens,female
1930,Hank Green,male
1931,V.E. Schwab,female
1932,Leonard Cohen,male
1933,Joseph Fink,male
1934,George R.R. Martin,male
1935,Katherine Arden,female
1936,Marie Benedict,female
1937,Gregg Hurwitz,male
1938,Alex Michaelides,male
1939,Marlon James,male
1940,Gwenda Bond,female
1941,Tara Conklin,female
1942,Jane Harper,female
1943,John Kenney,male
1944,Yangsze Choo,female
1945,Taylor Jenkins Reid,female
1946,James S.A. Corey,male
1947,Nell Freudenberger,female
1948,Sally Rooney,female
1949,Greg Weisman,male
1950,Etaf Rum,female
1951,Ted Chiang,male
1952,Mary Beth Keane,female
1953,Ocean Vuong,male
1954,Jean Kwok,female
1955,Kristen Arnett,female
1956,Taffy Brodesser-Akner,female
1957,Megan Miranda,female
1958,Claire Lombardo,female
1959,Linda Holmes,female
1960,Chandler Baker,female
1961,Cristina Alger,female
1962,Nancy Thayer,female
1963,Adrian McKinty,male
1964,Téa Obreht,female
1965,Alex North,male
1966,Jonathan Cahn,male
1967,Lara Prescott,female
1968,Joe Abercrombie,male
1969,Ta-Nehisi Coates,male
1970,Heather Morris,female
1971,Stephen Chbosky,male
1972,Leigh Bardugo,female
1973,Kevin Wilson,male
1974,Kiley Reid,female
1975,Ann Napolitano,female
1976,Liz Moore,female
1977,Jeanine Cummins,female
1978,Abi Daré,female
1979,Jenny Offill,female
1980,Simone St. James,female
1981,Mary Kubica,female
1982,Sarah J. Maas,female
1983,Lily King,female
1984,Amanda Eyre Ward,female
1985,James McBride,male
1986,Kate Elizabeth Russell,female
1987,Rebecca Serle,female
1988,Rae Carson,female
1989,N.K. Jemisin,female
1990,Elizabeth Wetmore,female
1991,Veronica Roth,female
1992,Grady Hendrix,male
1993,Jack Carr,male
1994,Lawrence Wright,male
1995,Alka Joshi,female
1996,Lucy Foley,female
1997,Megha Majumdar,female
1998,Connie Schultz,female
1999,Julie Clark,female
2000,Silvia Moreno-Garcia,female
2001,Lindsay Ellis,female
2002,Tamsyn Muir,female
2003,Raven Leilani,female
2004,Akwaeke Emezi,transgender non-binary
2005,Fiona Davis,female
2006,Elena Ferrante,female
2007,Nancy Jooyoun Kim,female
2008,Ann Cleeves,female
2009,Christopher Paolini,male
2010,Asha Lemmie,female
2011,Lana Del Rey,female
2012,Matt Haig,male
2013,Rumaan Alam,male
2014,Susie Yang,female
2015,Halsey,female
2016,Alex Walsh,male
2017,Amanda Goldberg,female
2018,Anders Roslund,male
2019,Armin L. Robinson,male
2020,Arnaud de Borchgrave,male
2021,Arthur Quiller-Couch,male
2022,Barry Lopez,male
2023,Benedict Freedman,male
2024,Bethenny Frankel,female
2025,Bill Adler,male
2026,Bill Clinton,male
2027,Brian Herbert,male
2028,Caroline Kennedy,female
2029,Charles Nordhoff,male
2030,Charmian Clift,female
2031,Clement Moore,male
2032,Dennis Wheatley,male
2033,Don Ferguson,male
2034,Dorothy Erskine,female
2035,Emma McLaughlin,female
2036,General Sir John Hackett,male
2037,Gideon Wyck,male
2038,Glenn Beck with Kevin Balfe,male
2039,Greer Hendricks,female
2040,Guillermo del Toro,male
2041,Hannah Crafts,female
2042,Isabel Bolton,female
2043,J. R. R. Tolkien,male
2044,J.D. Gilman,male
2045,Jamie Lee Curtis,female
2046,Janet Ahlberg,female
2047,Janet Ahlberg Evanovich,female
2048,Jim Carrey,male
2049,Joan D. Vinge,female
2050,Joseph Auslander,male
2051,Joyce Reardon,female
2052,Judith Reeves-Stevens,female
2053,Julia London,female
2054,Larry Niven,male
2055,Lucia Berlin,female
2056,Marcie Walsh,female
2057,Margaret Weis,female
2058,Maria Shriver,female
2059,Marrijane Hayes,female
2060,Marvin Kalb,male
2061,Mary Ann Shaffer,female
2062,Mary S. Lovell,female
2063,Michael Dorris,male
2064,Newt Gingrich,male
2065,Odell Shepard,male
2066,Oliver North,male
2067,Patti Davis,female
2068,Richard Marcinko,male
2069,Seamus Heaney,male
2070,Terry Southern,male
2071,Tim LaHaye,male
2072,Walter J. Boyne,male
2073,William J. Bennett,male
2074,William J. Lederer,male
2075,William Shatner,male
