,birthplace
Warwick Deeping,"Ramsgate, Kent, England"
Mazo de la Roche,"Newmarket, Ontario, Canada"
Pearl S. Buck,"Hillsboro, WV, USA"
Willa Cather,"Back Creek Valley, Virginia, USA"
Rafael Sabatini,"Fermo, Marche, Italy"
John Galsworthy,"Kingston upon Thames, Surrey, England"
A. A. Milne,"Kilburn, London, England"
Edna Ferber,"Kalamazoo, MI, USA"
Clemance Dane,"Hampstead, London, England"
Oliver LaFarge,"Waterbury, CT, USA"
Pearl Buck,"Hillsboro, WV, USA"
Henri Fauconnier,"Aubervilliers, Île-de-France, France"
Margaret Ayer Barnes,"Chicago, IL, USA"
Clemence Dane,"London, England, UK"
William McFee,"Londonderry, Ireland"
E. Phillips Oppenheim,"London, England"
Francis Brett Young,"Halesowen, Worcestershire, England"
Robert Herrick,"Cheapside, London, England"
Booth Tarkington,"Indianapolis, IN, USA"
Anne Parrish,"Denver, CO, USA"
Mary Roberts Rinehart,"Pittsburgh, PA, USA"
Aldous Huxley,"Godalming, Surrey, England"
Tiffany Thayer,"New York City, NY, USA"
Vicki Baum,"Vienna, Austria"
John Dos Passos,"Chicago, IL, USA"
Louis Golding,"Manchester, England"
Kathleen Norris,"Charleston, SC, USA"
Julia Peterkin,"Laurens, SC, USA"
A. J. Cronin,"Cardross, Dunbartonshire, Scotland"
Helen Hull,"Chester, VT, USA"
Louis Bromfield,"Chariho, Ohio, USA"
Faith Baldwin,"New York City, NY, USA"
Charles Morgan,"Hattiesburg, MS, USA"
A. Hamilton Gibbs,None
Alice Grant Rosman,"Coloma, MI, USA"
G. B. Stern,"London, England, UK"
T. S. Stribling,"Columbus, MS, USA"
Lady Eleanor Smith,"Leeds, West Yorkshire, England"
Temple Bailey,"Suffolk, VA, USA"
J. B. Priestley,"Bradford, West Yorkshire, England"
Joseph C. Lincoln,"Mahoney, Massachusetts, USA"
Mazo De La Roche,"Newmarket, Ontario, Canada"
Manuel Komroff,"New York City, NY, USA"
Ellen Glasgow,"Richmond, VA, USA"
Hugh Walpole,"Auckland, New Zealand"
Phyllis Bentley,"Haworth, West Yorkshire, England"
Thorne Smith,"Fredericksburg, VA, USA"
Rosamond Lehmann,"Bolsover, Derbyshire, England"
Lion Feuchtwanger,"Munich, Bavaria, Germany"
W. Someset Maugham,"Paris, France"
Lloyd C. Douglas,"Berkley, MI, USA"
James G. Cozzens,"Chicago, IL, USA"
S. S. Van Dine,"Pittsburgh, PA, USA"
Isabel Paterson,"Lima, Ontario, Canada"
Sinclair Lewis,"Sauk Centre, MN, USA"
H. G. Wells,"Bromley, Kent, England"
Fannie Hurst,"Hamilton, OH, USA"
G. B. Lancaster,"Birmingham, England, UK"
Robert Nathan,"New York City, NY, USA"
Graham Greene,"Berkhamsted, Hertfordshire, England"
Marjorie K. Rawlings,"Washington, D.C., USA"
Anonymous,None
Guy Endore,"New York City, NY, USA"
Gladys Hasty Carroll,"Bangor, ME, USA"
Charles G. Norris,"Chicago, IL, USA"
Hans Fallada,"Greifswald, Mecklenburg-Vorpommern, Germany"
Jules Romains,"Saint-Bonnet-de-Chavagne, Isère, France"
Hervey Allen,"Pittsburgh, PA, USA"
Phil Stong,"Mason City, IA, USA"
Richard Aldington,"Portsmouth, Hampshire, England"
Robert Hichens,"Folkestone, Kent, England"
Bess Streeter Aldrich,"Tabor, IA, USA"
Maz De La Roche,"West Beeton, Ontario, Canada"
Janet Beith,None
Sigrid Undset,"Kalundborg, Denmark"
Dorothy Parker,"West End, NJ, USA"
Dorothy Canfield,"Bellevue, OH, USA"
Alice Tisdale Hobart,"Newark, NJ, USA"
John Masefield,"Ledbury, Herefordshire, England"
Dashiell Hammett,"Cheyenne, WY, USA"
James Joyce,"Dublin, Ireland"
James M. Cain,"Annapolis, MD, USA"
Emilie Loring,"Newton, MA, USA"
R. C. Hutchinson,"None, None, None"
Agatha Christie,"Torquay, Devon, England"
George Cronyn,"Toronto, Ontario, Canada"
Robert W. Chambers,"Brooklyn, NY, USA"
Eric Linklater,"Edinburgh, Scotland"
Elizabeth Jenkins,"Portsmouth, Hampshire, England"
Phyllis Boltome,None
Stefan Zweig,"Vienna, Austria-Hungary"
MacKinlay Kantor,"Treece, KS, USA"
F. Scott Fitzgerald,"Saint Paul, MN, USA"
Isak Dinesen,"Rungstedlund, Rungsted, Denmark"
Louis-Ferdinand Celine,"Câline, Île-de-France, France"
P. G. Wodehouse,"Guildford, Surrey, England"
Stephen Vincent Benet,"Brooklyn, NY, USA"
Caroline Miller,"Savannah, GA, USA"
Tess Slesinger,"New York City, NY, USA"
Ann Bridge,"Vauxhall, London, England"
Robert Graves,"Wimbledon, London, England"
Thomas Mann,"Lübeck, Schleswig-Holstein, Germany"
E. M. Delafield,"Rugby, Warwickshire, England"
Josephine Lawrence,"Newark, NJ, USA"
Maurice Walsh,"Ballykilcavan, County Laois, Ireland"
James Hilton,"Norwich, Norfolk, England"
Stark Young,"Woodville, MS, USA"
Alec Waugh,"Fulham, London, England"
John O'Hara,"Pottsville, PA, USA"
Samuel Rogers,"Smith Square, Westminster, London, England"
Archie Binns,"Pittsburgh, PA, USA"
Irving Stone,"San Francisco, CA, USA"
Mary Ellen Chase,"Blue Hill, ME, USA"
Doris Leslie,"Cape Town, South Africa"
Ruth Suckow,"Sioux City, IA, USA"
William Saroyan,"Fresno, CA, USA"
Ethel Boileau,None
Victoria Lincoln,None
Kenneth Roberts,"Kennebunk, ME, USA"
"""Elizabeth.",None
Franz Werfel,"Prague, Czech Republic"
Thornton Wilder,"Madison, WI, USA"
John Knittel,"Chur, Graubünden, Switzerland"
Bessie Breuer,"New York City, NY, USA"
Edouard Piesson,"Châteauroux, Indre, France"
Alfred Neumann,"Böhmen, Austria-Hungary (now Czech Republic)"
Eleanor Carroll Chilton,"Mason, WV, USA"
Thomas Wolfe,"Asheville, NC, USA"
Bruno Frank,"Nuremberg, Bavaria, Germany"
William Faulkner,"New Albany, MS, USA"
Louis Adamic,"Prebold, Slovenia"
Elizabeth Madox Roberts,"Louisville, KY, USA"
Rachel Field,"New York City, NY, USA"
Susan Ertz,"Hampstead, London, England"
Katherine Brush,"New York City, NY, USA"
Enid Bagnold,"Ichaboe, British Guiana"
James Boyd,"Kinston, NC, USA"
Josephine Johnson,"Mason City, IA, USA"
Humphrey Cobb,"Montreal, Quebec, Canada"
Erskine Caldwell,"Moreland, GA, USA"
Robert Rylee,None
David Frome,None
Ruth Feiner,None
Laurence Kirk,None
Clarence Day,"New York City, NY, USA"
Rex Stout,"Napa, CA, USA"
H. L. Davis,"Myrtle Point, OR, USA"
Robert Briffault,"Nottingham, England"
Phillip Gibbs,"Wandsworth, London, England"
B. S. Aldrich,"Ludlow, VT, USA"
Mary Ayer Barnes,"Wilmington, DE, USA"
Barry Benefield,"Macon, GA, USA"
James Gould Cozzens,"Chicago, IL, USA"
Johan Fabricius,"Helsingør, Denmark"
Lion Feuchwanger,"Munich, Bavaria, Germany"
George Santayana,"Madrid, Spain"
Frances Frost,"Winthrop, MA, USA"
Marian Sims,"Petersburg, VA, USA"
Dorothy L. Sayers,"Oxford, Oxfordshire, England"
Somerset Maugham,"Paris, France"
Elizabeth Bowen,"Dublin, Ireland"
Rebecca West,"Londonderry, Northern Ireland, UK"
Winifred Holtby,"Richmond, Yorkshire, England"
Daphne Du Maurier,"London, England, UK"
Arnold Zweig,"Düsseldorf, North Rhine-Westphalia, Germany"
Vincent Sheean,"Burlington, IA, USA"
Margaret Mitchell,"Atlanta, GA, USA"
Walter D. Edmonds,"Johnstown, NY, USA"
John Buchan," Perth, Scotland"
Winifred Van Etten,"Northampton, MA, USA"
John T. McIntyre,"Pittsburgh, PA, USA"
Fanny Hurst,"Saint Louis, MO, USA"
Marcia Davenport,"Kansas City, MO, USA"
Janet Ayer Fairbank,"Lansdowne, PA, USA"
Gilbert Frankau,"London, England, UK"
John P. Marquand,"Sagamore, MA, USA"
Jolan Foldes,"Budapest, Hungary"
 Maxence van der Meersch,"Lille, Nord, France"
Myron Brinig,"Butte, MT, USA"
John Steinbeck,"Salinas, CA, USA"
Esther Forbes,"Westborough, MA, USA"
Virginia Woolf,"London, England, UK"
C. S. Forrester,"Portsmouth, Hampshire, England"
Erich Maria Remarque,"Osnabrück, Lower Saxony, Germany"
Millen Brand,"New York City, NY, USA"
Helen Reilly,"New York City, NY, USA"
Jerome Weldman,None
Trygve Gulbranssen,"Sørkedalen, Oslo, Norway"
Michael Foster,None
Vaughan Wilkins,"Bristol, England, UK"
Clyde Brion Davis,"Groton, CT, USA"
Walter Duranty,"Liverpool, England"
Frederic Prokosch,"La Crosse, WI, USA"
Leonard Q. Ross,"Brooklyn, NY, USA"
Margery Sharp,"Bournemouth, Hampshire, England"
Sally Salminen,"Kemi, Finland"
Heinrich Mann,"Lübeck, Schleswig-Holstein, Germany"
David Pilgrim,"Montgomery, AL, USA"
Cecil Roberts,"Birmingham, England, UK"
Ernest Hemingway,"Oak Park, IL, USA"
Stuart Cloethe,None
Elmer Rice,"Snyder, Nebraska, USA"
Rex Warner,"Birmingham, England"
Gunnar Gunnarsson,"Ásbyrgi, Iceland"
Marjorie Kinnan Rawlings,"Washington, D.C., USA"
Phyllis Bottome,"London, England, UK"
Rose Wilder Lane,"Clear Lake, WI, USA"
Howard Spring,"Manchester, England"
Gwen Bristow,"New Orleans, LA, USA"
Frances Parkinson Keyes,"Charleston, SC, USA"
Nevil Shute,"Ealing, London, England"
Elizabeth Goudge,"Walthamstow, London, England"
Ruth McKenney,"Minneapolis, MN, USA"
Laura Krey,"Milwaukee, WI, USA"
William Blake,"London, England"
Taylor Caldwell,"Manchuria, China"
Evan John,"St. Paul, MN, USA"
F. Van Wyck Mason,"Boston, MA, USA"
Kressman Taylor,"Portland, OR, USA"
Elizabeth Page,"Orange, NJ, USA"
Bruce Lancaster,"Troy, NY, USA"
C. S. Forester,"Cairo, Egypt"
John Jennings,None
Angela Thirkell,"Beverley, East Riding of Yorkshire, England"
Rumer Godden,"Dhanbhum, India"
Pietro di Donato,"Hoboken, NJ, USA"
Vardis Fisher,"Annis, ID, USA"
Ethel Vance,"Dawson, British Columbia, Canada"
Francis Hackett,"Cork, Ireland"
W. Somerset Maugham,"Paris, France"
Sholem Asch,"Kutno, Poland"
Christopher Morley,"Haverford, PA, USA"
Lin Yutang,"Bansheng, Fujian, China"
Robert Henriques,"London, England, UK"
Richard Llewellyn,"Merthyr Tydfil, Wales, UK"
Zsolt de Harsanyi,"Budapest, Hungary"
Richard Wright,"Bucksville, Mississippi, USA"
Susan Glaspell,"Davenport, IA, USA"
Elizabeth von Arnim,"Kiel, Schleswig-Holstein, Germany"
Henry Bellamann,"Boonville, MO, USA"
F. van Wyck Mason,"Boston, MA, USA"
Evelyn Eaton,"San Diego, CA, USA"
Upton Sinclair,"Baltimore, MD, USA"
Jan Struther,"London, England, UK"
Lella Warren,"Sewickley, PA, USA"
Nina Fedorova,"Moscow, Russia"
Marcus Goodrich,"Los Angeles, CA, USA"
Maurice Hindus,"Kostroma, Russia"
J. P. Marquand,"Saratoga Springs, NY, USA"
Michael Sadleir,"Birmingham, England"
Eric Knight,"Inglewood, CA, USA"
Frank Hough,"Martinsburg, WV, USA"
Maritta Wolf,"Berlin, Germany"
Commander Edward Ellisberg,"Los Angeles, CA, USA"
Allis McKay,None
Budd Schulberg,"New York City, NY, USA"
Helen McInnes,"Glasgow, Scotland"
Marguerite Steen,"Lichfield, Staffordshire, England"
Isabel Rorick,"Skowhegan, ME, USA"
Judith Kelly,None
Mary O'Hara,"Nashville, TN, USA"
Mildred Jordan,"Union City, NJ, USA"
Ben Ames Williams,"Jersey City, NJ, USA"
Gyspy Rose Lee,"Seattle, WA, USA"
Arthur Meeker,"Peoria, IL, USA"
Daphne du Maurier,"Londres, Inglaterra, Reino Unido"
Struthers Burt,"Big Horn, WY, USA"
Bradda Field,None
Austin Wright,None
Granville Hicks,"Cairo, NY, USA"
Elliott Arnold,"New York City, NY, USA"
Helen MacInnes,"Glasgow, Scotland"
Elizabeth Chevalier,"Château de Saint-Cosme, France"
Dorothy Macardle,"Dublin, Ireland"
Philip Van Doren Stern,"Philadelphia, PA, USA"
James Aldridge,"Melbourne, Victoria, Australia"
Anna Seghers,"Mainz, Rhineland-Palatinate, Germany"
Nancy Hale,"Westwood, MA, USA"
Stefan Heym,"Chemnitz, Germany"
Legrand Cannon,"Baltimore, MD, USA"
Stuart Cloete,"Johannesburg, Gauteng, South Africa"
Margaret Carpenter,"St. Louis, MO, USA"
Howard Fast,"New York City, NY, USA"
Xavier Herbert,"Townsville, Queensland, Australia"
Ngaio Marsh,"Christchurch, Canterbury, New Zealand"
Albert E. Idell,"New York City, NY, USA"
Vincent McHugh,"Brooklyn, NY, USA"
Betty Smith,"Bensonhurst, Brooklyn, NY, USA"
Elizabeth Janeway,"Birmingham, AL, USA"
Ilka Chase,"New York City, NY, USA"
Martha Gellhorn,"St. Louis, MO, USA"
Charles Jackson,"Nashua, NH, USA"
John Hersey,"Tsingtao, Shandong, China"
Lillian Smith,"Clayton, AL, USA"
Anne Morrow Lindbergh,"Englewood, NJ, USA"
Joseph S. Pennell,"Philadelphia, PA, USA"
Kathleen Winsor,"Minneapolis, MN, USA"
Gwenthalyn Graham,None
Samuel Shellaburger,"Macon, GA, USA"
Glenway Wescott,"Delavan, WI, USA"
Adria Locke Langley,"Fitzgerald, GA, USA"
Ayn Rand,"Saint Petersburg, Russia"
Wilbur Daniel Steele,"Bluefield, WV, USA"
Dan Wickenden,"Wyncote, PA, USA"
Lau Shaw,None
Bruce Marshall,"Hawick, Scottish Borders, Scotland"
Robert Hardy Andrews,None
Herbert Gorman,"Dublin, Ireland"
Lester Cohen,None
Thomas B. Costain,"Brampton, Ontario, Canada"
James Ramsey Ullman,"New York City, NY, USA"
Bellamy Partridge,None
Josephine Pinckney,"Charleston, SC, USA"
Ben Burman,None
Nicholas Monsarrat,"Liverpool, England, UK"
James Thurber,"Columbus, OH, USA"
James H. Street,"Neosho, MO, USA"
Nancy Bruff,"Springfield, MA, USA"
Elswyth Thane,"Charlottesville, VA, USA"
Konstantine Simonov,"Kursk, Russia"
Jim Bishop,"New York City, NY, USA"
Evelyn Waugh,"London, England"
Jessamyn West,"Vasalia, CA, USA"
Max Shulman,"Minneapolis, MN, USA"
Arthur Miller,"Harlem, New York City, NY, USA"
Max White,None
Robert Wilder,"Duluth, MN, USA"
Elizabeth Metzger Howard,"Ridgewood, NJ, USA"
Mary King O'Donnell,None
Anya Seton,"Cambridge, MA, USA"
Frank Yerby,"Augusta, GA, USA"
Ann Petry,"Old Saybrook, CT, USA"
Fannie Cook,None
Josephine W. Johnson,"Hillsboro, MO, USA"
Jo Sinclair,"New York City, NY, USA"
Gladys Schmitt,"Haverhill, MA, USA"
Theodore Dreiser,"Terre Haute, IN, USA"
Edmund Wilson,"Red Bank, NJ, USA"
Garland Roark,"Bishopville, SC, USA"
Mary Jane Ward,"Doylestown, PA, USA"
Gerald Kersh,"London, England, UK"
Eudora Welty,"Jackson, MS, USA"
Shirley Seifert,None
Rosamond Marshall,None
James T. Farrell,"Chicago, IL, USA"
W.Somerset Maugham,"Paris, France"
Frederic Wakeman,"Berkeley, CA, USA"
R.G. Waldeck,"Waldeck, New Jersey, USA"
Marian Castle,None
Nancy Mitford,"London, England, UK"
Edward McSorley,"Shamokin, PA, USA"
Ruth Moore,"Kennebunk, ME, USA"
Helen Howe,"Chester, MA, USA"
Sholom Aleichem,"Kiev, Ukraine"
H. Allen Smith,"Graham, Texas, USA"
Halldor Laxness,"Laxness was born in Laugar, Iceland."
Robert Penn Warren,"Guthrie, KY, USA"
Thomas Heggen,"Fargo, ND, USA"
George Orwell,"Motihari, Bihar, India"
Christine Weston,None
Christopher La Farge,"New York City, NY, USA"
Russell Janney,"Indianapolis, IN, USA"
William Lindsay Gresham,"Baltimore, MD, USA"
Pat Frank,"Harrisburg, PA, USA"
C.S. Forester,"Cairo, Egypt"
Frank Slaughter,"Salisbury, MD, USA"
Terence Hanbury White,"Bombay, India"
Arthur Koestler,"Budapest, Hungary"
Jan Westcott,None
Inglis Fletcher,"Graham, NC, USA"
Harnett Thomas Kane,"Newark, NJ, USA"
Eric Hodgins,"Newark, NJ, USA"
Pierre Andrezel,None
William Wister Haines,"Bala Cynwyd, PA, USA"
Norman Collins,None
Herbert Krause,"Fargo, ND, USA"
Marjorie Carleton,None
James Cain,"Perry County, Kentucky, USA"
Paul I. Wellman,"Culver City, CA, USA"
Bernard Augustine De Voto,"Salt Lake City, UT, USA"
Nancy Wilson Ross,"Seattle, WA, USA"
Mildred Walker,"Montpelier, ID, USA"
Laura Z. Hobson,"New York City, NY, USA"
Malcolm Lowry,"New Brighton, Merseyside, England"
Maurice Samuel,"Bessarabia, Romania"
Harold Lamb,"Alton, IL, USA"
Feike Feikema,None
Edward F. Murphy,None
Ludwig Lewisohn,"Hamburg, Germany"
Herman Wouk,"New York City, NY, USA"
A.B. Guthrie Jr,"Dixon, MT, USA"
Gabrielle Roy,"Saint Boniface, Manitoba, Canada"
Willard Motley,"Chicago, IL, USA"
Stuart David Engstrand,None
Idwal Jones,"Aberdare, Wales, UK"
Harry Sylvester,None
Natalie Anderson Scott,"Savannah, GA, USA"
Arthemise Goertz,None
Samuel Shellanbarger,None
John Horne Burns,"Boston, MA, USA"
Emily Eden,"London, England, UK"
W Somerset Maughan,"James A. Maughan, Somerset, England"
Jean Paul Sartre,"Paris, Île-de-France, France"
David Davidson,None
Ludwig Bemelmans,"Merano, South Tyrol, Italy"
Virginia Eggertsen Sorensen,"Pittsburgh, PA, USA"
Monica Dickens,"London, England, UK"
Norah Lofts,"Norwich, Norfolk, England"
Richard Sherman,"Compton, CA, USA"
Gerald Warner Brace,"Binghamton, NY, USA"
Peter Bourne,None
Thomas W. Duncan,"Caroline County, Virginia, USA"
Mabel Seeley,"Minneapolis, MN, USA"
Robert C. Ruark,"Savannah, GA, USA"
Scott O'Dell,"Los Angeles, CA, USA"
Rubylea Hall,"Lake Village, AR, USA"
Agnes Sligh Turnbull,"Tionesta, PA, USA"
Frank G. Slaughter,"Jamaica, Queens, NY, USA"
Neil H. Swanson,"Bainbridge, OH, USA"
Kathryn Forbes,"San Francisco, CA, USA"
Guy McCrone,"Wellington, New Zealand"
Howard Breslin,"Brooklyn, NY, USA"
H.E. Bates,"Rushden, Northamptonshire, England"
Ross Lockridge,"Bloomington, IN, USA"
Mary Roberts Rinehart.,"Allegheny City, PA, USA"
Norman Katkov,"New York City, NY, USA"
Gore Vidal,"West Point, NY, USA"
Merle Miller,"Kansas City, MO, USA"
Truman Capote,"New Orleans, LA, USA"
Angela Mackail Thirkell,"London, England"
Agnes Newton Keith,"Victoria, British Columbia, Canada"
Alan Paton,"Nursing, KwaZulu-Natal, South Africa"
Dalton S. Reymond,None
Ralph Ingersoll,"North Adams, MA, USA"
Martin Boyd,"Melbourne, Victoria, Australia"
Joseph George Hitrec,None
Hiram Haydn,"Scranton, PA, USA"
Nelia Gardner White,"Richmond, IN, USA"
George R. Stewart,"Petersburg, VA, USA"
Harold Robbins,"New York City, NY, USA"
Norman Mailer,"Long Branch, NJ, USA"
Zoe Oldenbourg,"Saint Petersburg, Russia"
Baynard Kendrick,"Portsmouth, VA, USA"
Horace McCoy,"Pegram, TN, USA"
A.J. Cronin,"Cardross, Dunbartonshire, Scotland"
Ellin Berlin,None
Hollister Noble,"Bradford, MA, USA"
Robert Van Gelder,"Paterson, NJ, USA"
Albert Camus,"Mondovi, Algeria"
Agatha Young,None
Irwin Shaw,"New York City, NY, USA"
Carl Sandburg,"Galesburg, IL, USA"
Lawrence Schoonover,"Gilman City, MO, USA"
Inglis Clark Fletcher,"Dover, DE, USA"
Dodie Smith,"Settle, Yorkshire, England"
Margaret Irwin,"London, England, UK"
Ira Wolfert,"New York City, NY, USA"
Mazo De la Roche,"Newmarket, Ontario, Canada"
Fred Gipson,"Mason, TX, USA"
Lajos Zilaby,None
R.C. Hutchinson,None
James A. Michener,"Doylestown, PA, USA"
Anne Goodwin Winslow,"New Castle, NH, USA"
Legette Blythe,"Bessemer City, NC, USA"
Frances Gaither,"Baltimore, MD, USA"
Hope Muntz,None
Alfred Hayes,"London, England, UK"
H.H. Lynde,"Smithfield, RI, USA"
Tom Lea,"El Paso, TX, USA"
Joyce Cary,"Belfast, Northern Ireland"
Philip Wylie,"Boston, MA, USA"
Edward Streeter,"New York City, NY, USA"
Harriette Simpson Arnow,"Berea, KY, USA"
Walter Van Tilburg Clark,"Boulder City, NV, USA"
Ivy Compton-Burnett,"Clapham, London, England"
Robert Standish,"Llandudno, Wales, UK"
Theodore Bonnet,None
Mika Waltari,"Helsinki, Uusimaa, Finland"
John Brooks,"Wilmington, DE, USA"
Nelson Algren,"Detroit, MI, USA"
George Howe,"Philadelphia, PA, USA"
Paul Gallico,"New York City, NY, USA"
Raymond Chandler,"Chicago, IL, USA"
"A.B. Guthrie, Jr","Mason City, IA, USA"
Henry Green,"Wolverhampton, Staffordshire, England"
Edison Marshall,"Waldron, IN, USA"
Alberto Moravia,"Rome, Italy"
John Sedges,None
Mary Lasswell,"San Diego, CA, USA"
Dorothy Clarke Wilson,"Pana, IL, USA"
Paul Bowles,"Jenny Lind,  New York, USA"
Samuel Shellabarger,"Wilmington, DE, USA"
Marghanita Laski,"London, England, UK"
Frederick Buechner,"New York City, NY, USA"
Cleveland Amory,"Haverhill, MA, USA"
Morton Thompson,"Newark, NJ, USA"
Ned Calmer,"Pine Bluff, AR, USA"
Henry Morton Robinson,"Worcester, MA, USA"
Margaret Kennedy,"Bermondsey, London, England"
Ernest Gebler,"Belfast, Northern Ireland, UK"
Jay Walz,None
Ruth Chatterton,"New York City, NY, USA"
Livingston Biddle,"Philadelphia, PA, USA"
Conrad Richter,"Pine Grove, PA, USA"
Helen Huntington Howe,"Jamaica Plain, MA, USA"
Samuel Hopkins Adams,"Shreveport, LA, USA"
Louise A. Stinetorf,None
Aubrey Menen,"Dublin, Ireland"
Giovanni Guareschi,"Fontanelle, Emilia-Romagna, Italy"
Hanama Tasaki,None
Arthur Gordon,"New York City, NY, USA"
Louis Falstein,"New York City, NY, USA"
Tennessee Williams,"Columbus, MS, USA"
Frank Tilsley,"Wolverhampton, England"
Susan Yorke,None
Harnett T. Kane,"Florence, South Carolina, USA"
Pierre La Mure,"Saint-Étienne, Loire, France"
James Norman Hall,"Colfax, IA, USA"
Shirley Barker,None
William E. Barrett,"Laredo, TX, USA"
John Masters,"Moreton-in-Marsh, Gloucestershire, England"
Jean-Paul Sartre,"Paris, Île-de-France, France"
James Jones,"Robbins, IL, USA"
Reginald Arkell,"Boughton-under-Blean, Kent, England"
Fritz Peters,"San Francisco, CA, USA"
Walter Karig,None
J.B. Priestley,"Bradford, West Yorkshire, England"
Eric Ambler,"Clapham, London, England"
Walter O'Meara,None
Walter Macken,"Gort, County Galway, Ireland"
Anita Loos,"Santa Rosa, CA, USA"
Francis Cardinal Spellman,"The Bronx, NY, USA"
Stephen Longstreet,"New Orleans, LA, USA"
Lillian Budd,"Smyrna, DE, USA"
David Garth,None
James Street,"Mason City, IA, USA"
J.D. Salinger,"New York City, NY, USA"
Carlo Levi,"Turin, Piedmont, Italy"
John Meade Falkner,"Newcastle upon Tyne, England"
William Styron,"Newport News, VA, USA"
Amanda Mae Ellis,None
Margaret Campbell Barnes,"Lichfield, Staffordshire, England"
John Marquand,"Saratoga Springs, NY, USA"
Berry Fleming,"Augusta, GA, USA"
Eleanor Palffy,None
Joseph Henry Jackson,"Alameda, CA, USA"
Par Lagerkvist,"Växjö, Sweden"
Harold Lenoir Davis,"Winston-Salem, NC, USA"
Jean Stafford,"Ann Arbor, MI, USA"
Louis Auchincloss,"Lawrence, MA, USA"
Carl Jonas,None
Francis Van Wyck Mason,"Boston, MA, USA"
Daphne Rooke,"Bristol, England, UK"
Ernestine Gilbreth Carey,"Pawtucket, RI, USA"
Louis Kronenberger,"New York City, NY, USA"
Paul Hyde Bonner,"Dunbar, PA, USA"
Mary McCarthy,"Seattle, WA, USA"
Ira Morris,None
Walter Baxter,"Newbury, Berkshire, England"
Ralph Ellison,"Oklahoma City, OK, USA"
Edith Simon,"Frankfurt am Main, Germany"
Cecil St. Laurent,None
Charles Mills,None
Hall Hunter,None
Barnaby Conrad,"Santa Barbara, CA, USA"
Win Brooks,None
Pamela Hansford Johnson,"Birmingham, England, UK"
Lael Tucker,None
Robert Reynolds,None
Giovannino Guareschi,"Fontanelle di Roccabianca, Emilia-Romagna, Italy"
Frank O'Conner,"Cork, Ireland"
Jan de Hartog,"Haarlem, Netherlands"
Pearl Schiff,None
Angus Wilson,"Bexhill-on-Sea, East Sussex, England"
H.F.M. Prescott,"Bradford, Yorkshire, England"
Mickey Spillane,"Brooklyn, NY, USA"
E.B. White,"Mount Vernon, NY, USA"
Madison Cooper,"Henderson, Kentucky, USA"
May Sarton,"W-Meet, Belgium"
William Donohue Ellis,None
Robert Carson,None
Cameron Hawley,"Minneapolis, MN, USA"
Annemarie Selinko,"Vienna, Austria-Hungary"
John Phillips,"Salt Lake City, UT, USA"
Pamela Frankau,"London, England, UK"
Theodore Morrison,None
Ovid Williams Pierce,"Baton Rouge, LA, USA"
Jay Richard Kennedy,"Wichita, KS, USA"
Storm Jameson,"Scarborough, Yorkshire, England"
Richard A. Wright,"Richard A. Wright, also known as Richard Wright, was born in Natchez, MS, USA."
Ilona Karmel,"Warsaw, Poland"
Warren Eyster,None
Oakley Hall,"Sacramento, CA, USA"
Don Tracy,"Dickson City, PA, USA"
Nikos Kazantzakis,"Megala Krites, Crete, Greece"
Ernest K. Gann,"Seymour, IN, USA"
Leon Uris,"Baltimore, MD, USA"
F.W. Kenyon,"Springfield, MA, USA"
Rita Vercors,None
Bertrand Russell,"Trellech, Monmouthshire, Wales"
Martin Dibner,"New York City, NY, USA"
Seymour Shubin,"New York City, NY, USA"
Saul Bellow,"Lachine, Quebec, Canada"
Paul Wellman,"Bennett, Colorado, USA"
Charles Bracelen Flood,"Petersburg, VA, USA"
Andre Soubiran,None
Phyllis Gordon Demarest,"Columbus, OH, USA"
Charles Wertenbaker,None
Davis Grubb,"Mason, WV, USA"
Kenneth Dodson,None
Joseph Hayes,"Cincinnati, OH, USA"
Lucy Herndon Crockett,"Lynchburg, VA, USA"
Harriette Arnow,"Lebanon, KY, USA"
Randall Jarrell,"Nashville, TN, USA"
William March,"Macon, GA, USA"
Peter De Vries,"Chicago, IL, USA"
Christopher Isherwood,"London, England, UK"
Robert Tallant,"New Orleans, LA, USA"
Igor Gouzenko,"Beshentsevo, Tver Oblast, Russia"
Edwin Lanham,None
L.P. Hartley,"Norwich, Norfolk, England"
Frans G. Bengtsson,"Malmö, Sweden"
Richard Haydn,"Valleyfield, Quebec, Canada"
Dawn Powell,"Mount Gilead, OH, USA"
Ernest Kellogg Gann,"Seymour, IN, USA"
Mac Hyman,"Atlanta, GA, USA"
Hamilton Basso,"New Orleans, LA, USA"
Frances Gray Patton,"Austin, TX, USA"
Frederick Manfred,"Buffalo Center, IA, USA"
Marguerite Yourcenar,"Saint-Jean-de-Luz, Nouvelle-Aquitaine, France"
Alan Lemay,"Burbank, CA, USA"
Don M. Mankiewicz,"Los Angeles, CA, USA"
David Beaty,None
Patrick Dennis,"Evanston, IL, USA"
John Phillips Marquand,"Saratoga Springs, NY, USA"
Laurens Van Der Post,"Germiston, Gauteng, South Africa"
Francoise Sagan,"Cajarc, Occitanie, France"
Edward L. Beach,"Evanston, IL, USA"
Nancy Hallinan,None
Robert Ruark,"Wronsky, NC, USA"
Alice Walworth Graham,"Lake Forest, IL, USA"
Gretchen Finletter,None
Elizabeth Gray Vining,"Philadelphia, PA, USA"
Kamala Markandaya,"Karnataka, India"
Dylan Thomas,"Swansea, Wales, UK"
Joseph Viertel,None
Sloan Wilson,"Norwalk, CT, USA"
Lionel Shapiro,"Winnipeg, Manitoba, Canada"
Patrick White,"London, England, UK"
Al Morgan,"Fargo, ND, USA"
P.H. Newby,"London, England, UK"
Thyra Ferre Bjorn,"Mason City, IA, USA"
Anthony West,"Gillingham, Kent, England"
Nigel Dennis,"Swansea, Wales, UK"
Katherine Wigmore Eyre,None
Alistair MacLean,"Drumheller, Alberta, Canada"
Joy Packer,"Warrington, Cheshire, England"
David Garnett,"Brighton, East Sussex, England"
Edwin Gilbert,None
Edwin O'Connor,"Providence, RI, USA"
Mario Soldati,"Torino, Piemonte, Italy"
Harold Sinclair,"Grand Rapids, MI, USA"
A.M. Maughan,None
Viña Delmar,"New York City, NY, USA"
Santha Rama Rau,"Madras, Tamil Nadu, India"
Willi Heinrich,"Nuremberg, Bavaria, Germany"
Simone de Beauvoir,"Paris, Île-de-France, France"
Eugene Burdick,"St. Louis, MO, USA"
William Brinkley,"Roselle, NJ, USA"
B.J. Chute,"Boston, MA, USA"
Jon Godden,"Folkestone, Kent, England"
Honor Tracy,"Dublin, Ireland"
Helen Ashton,"Bury, Lancashire, England"
Anonymous aka Gladys Huntington,"Charleston, SC, USA"
McCready Huston,"Cello, Arkansas, USA"
Virginia Rowans,"None, None, None"
Grace Metalious,"Maine, USA"
Yukio Mishima,"Ginza, Tokyo, Japan"
Charles E. Mercer,"Mason County, VA, USA"
Meyer Levin,"Chicago, IL, USA"
F Van Wyck Mason,"Boston, MA, USA"
Hammond Innes,"Hampstead, London, England"
Margaret Echard,None
Mary Renault,"Norwich, Norfolk, England"
Richard Powell,"Macon, GA, USA"
Frank Norris,"Chicago, IL, USA"
Elizabeth Spencer,"Carrollton, MS, USA"
Ernest Gann,"Patterson, NJ, USA"
Gerald Green,"Boston, MA, USA"
Sybille Bedford,"Bamberg, Bavaria, Germany"
Weldon Hill,None
John Cheever,"Quincy, MA, USA"
Richard Bissell,"Mason City, IA, USA"
Tom Chamales,"Los Angeles, CA, USA"
Kyle Onstott,"Los Angeles, CA, USA"
Rose Macaulay,"Rugby, Warwickshire, England"
Alan Ross,"London, England, UK"
C.Y. Lee,"Jiangsu Province, China"
Howard Swiggett,"Yale, MI, USA"
Marjorie Housepian,"Lynn, MA, USA"
Richard Mason,"Port Elizabeth, South Africa"
Max Schulman,"St. Paul, MN, USA"
Libbie Block,None
Andrew Lytle,"Nashville, TN, USA"
Myron S. Kaufmann,None
Leonard Drohan,"Bishop's Falls, Newfoundland and Labrador, Canada"
Jack Kerouac,"Lowell, MA, USA"
John McPartland,"Mason City, IA, USA"
Lawrence Durrell,"Jura, Greece"
Elva Williams,None
Vladimir Dudintsev,"Moscow, Russia"
Otis Carney,None
John Braine,"Preston, Lancashire, England"
Ernie Kovacs,"Trenton, NJ, USA"
Marc Rivette,"Villefranche-sur-Saône, Rhône, France"
James Agee,"Knoxville, TN, USA"
Robert Traver,"Alpena, MI, USA"
Stringfellow Barr,"Washington, D.C., USA"
Romain Gary,"Wilno, Poland"
William Humphrey,"Tampa, FL, USA"
Glendon Swarthout,"Perry, MI, USA"
Dennis Murphy,None
Robert Lewis Taylor,"Indianapolis, IN, USA"
H.L. Humes,"Albuquerque, NM, USA"
Theodore H. White,"Burlington, MA, USA"
Elick Moll,"Lohne, Niedersachsen, Germany"
Evan Hunter,"New York City, NY, USA"
John Selby,"Baltimore, MD, USA"
Jerome Weidman,"New York City, NY, USA"
Bernard Dryer,None
Alice Ekert-Rotholz,"Warsaw, Poland"
J.P. Donleavy,"Brooklyn, NY, USA"
Elaine Dundy,"New York City, NY, USA"
Vladimir Nabokov,"Saint Petersburg, Russia"
Rona Jaffe,"New York City, NY, USA"
Charles Mergendahl,"Milwaukee, WI, USA"
Boris Pasternak,"Moscow, Russia"
Sergeanne Golon,"Paris, France"
Roger Vailland,"Dordogne, France"
Sterling Quinlan,None
Han Suyin,"Zhengzhou, Henan, China"
Robin White,"Lower Hutt, Wellington, New Zealand"
John Updike,"Reading, PA, USA"
Evan Connell,"Kansas City, MO, USA"
Samuel H. Adams,None
Edmund Schiddel,None
Mary Stewart,"Salisbury, Wiltshire, England"
Hugh MacLennan,"Glencoe, Quebec, Canada"
"""Miss Read""","Berkhamsted, Hertfordshire, England"
Sylvia Ashton-Warner,"Wanganui, New Zealand"
Friedrich Duerrenmatt,"Konolfingen, Bern, Switzerland"
D.H. Lawrence,"Brampton, Eastwood, Nottinghamshire, England"
Alexander Cordell,"Ebbw Vale, Wales, UK"
Niven Busch,"Los Angeles, CA, USA"
Max Wylie,"Omaha, NE, USA"
Noel Clad,None
Alexis Curvers,"Lyon, Auvergne-Rhône-Alpes, France"
Joseph Kessel,"Hussin, Russian Empire (now Ukraïne)"
Robert P. Kirsch,"Los Angeles, CA, USA"
Richard Condon,"New York City, NY, USA"
Allen Drury,"Santa Ana, CA, USA"
Eugene Vale,"Chicago, IL, USA"
Morris L. West,"St Kilda, Victoria, Australia"
Maria Dermout,"Jakarta, Indonesia"
Yael Dayan,"Tel Aviv, Israel"
Leo Rosten,"Lodz, Poland"
William Kelley,None
William Pearson,None
John Leggett,"Great Meadow, NY, USA"
Charles Mercer,"Mercersburg, PA, USA"
Roald Dahl,"Llandaff, Cardiff, Wales, UK"
Geoffrey Jenkins,"Grahamstown, Eastern Cape, South Africa"
John Knowles,"Fairmont, WV, USA"
Frances Malm,"San Francisco, CA, USA"
Paul Horgan,"Buffalo, NY, USA"
Guiseppe di Lampedusa,"Palermo, Sicily, Italy"
C.P. Snow,"Leicester, England"
Agnar Mykle,"Oslo, Norway"
Irving Wallace,"Chicago, IL, USA"
Richard Frede,None
Peter Gilman,None
Geoffrey Household,"Bristol, England, United Kingdom"
Harper Lee,"Monroeville, AL, USA"
James Leo Herlihy,"Saint Paul, MN, USA"
Victoria Holt,"Devon, England"
Andre Schwarz-Bart,"Metz, Grand Est, France"
Noel Coward,"Teddington, London, England"
Alexander Fedoroff,"St. Petersburg, Russia"
Elizabeth Taylor,"Hampstead, London, England"
A.A. Milnei,"Kilburn, London, England"
Jere Peacock,None
Jun'ichiro Tanizaki,"Tokyo, Japan"
William Maxwell,"Rock Island, IL, USA"
Tristram Coffin,"Newburyport, MA, USA"
Sheila Burnford,"Edmonton, Alberta, Canada"
Charles E. Israel,"Ridgewood, NJ, USA"
Vita Sackville-West,"Knole, Sevenoaks, Kent, England"
Wallace Stegner,"Lake Mills, WI, USA"
Henry Miller,"New York City, NY, USA"
Sara Kasdan,"Brooklyn, NY, USA"
Nathaniel Benchley,"Newton, MA, USA"
Gwyn Griffin,"Haverfordwest, Pembrokeshire, Wales"
Carson McCullers,"Columbus, GA, USA"
J.R. Salamanca,None
Marquis William Childs,None
Bernard Malamud,"Brooklyn, NY, USA"
Ann Hellesbusch Hebson,None
Leo Calvin Rosten,"New York City, NY, USA"
Al Dewlen,None
Anthony Powell,"London, England"
Richard Hughes,"Cardiff, Wales, UK"
Andrew Tully,None
Katherine Anne Porter,"Indian Creek, TX, USA"
Reynolds Price,"Macon, NC, USA"
Philip Roth,"Newark, NJ, USA"
James Baldwin,"New York City, NY, USA"
Bart Spicer,"Greensburg, PA, USA"
Niccolo Tucci,"Florence, Italy"
James Clavell,"Sydney, New South Wales, Australia"
Ian Stuart,None
Jorge Amado,"Itabuna, Bahia, Brazil"
Shirley Jackson,"San Francisco, CA, USA"
Robert Gover,"New York City, NY, USA"
Rosalind Erskine,None
James E. Bassett,None
Richard McKenna,"Challis, ID, USA"
Jetta Carleton,"Olathe, KS, USA"
Robert St. John,"Carleton, MI, USA"
Gunter Grass,"Danzig, Free City of Danzig (now Gdańsk, Poland)"
Mark Rascovich,None
Robert H.K. Walter,None
John Rechy,"El Paso, TX, USA"
Hal Borland,"Burlington, IA, USA"
Nora Lofts,"Norwich, Norfolk, England"
James Michener,"Dorsey, MO, USA"
John Fowles,"Leigh-on-Sea, Essex, England"
Ian Fleming,"London, England, UK"
Jean Genet,"Paris, France"
John le Carré,"Poole, Dorset, England"
David Westheimer,"Houston, TX, USA"
Richard E. Kim,"Seoul, South Korea"
Peter DeVries,"Chicago, IL, USA"
Hans Kirst,"Büsum, Schleswig-Holstein, Germany"
William Golding,"St. Columb Minor, Cornwall, England"
Bruce Jay Friedman,"Brooklyn, NY, USA"
Paul Molloy,None
John Gunther,"Chicago, IL, USA"
Len Deighton,"London, England, UK"
Stephen Becker,"Boulder, CO, USA"
K.B. Gilden,"St. Louis, MO, USA"
Arthur Hailey,"Luton, Bedfordshire, England"
Bel Kaufman,"Berlin, Germany"
Morris West,"St Kilda, Victoria, Australia"
Fletcher Knebel,"Ames, IA, USA"
Robin Moore,"Boston, MA, USA"
John Le Carré,"Portsmouth, Hampshire, England"
Noah Gordon,"Boston, MA, USA"
Shelley Mydans,"Bangor, ME, USA"
John Moore,None
Jacqueline Susann,"Philadelphia, PA, USA"
Adela Rogers St. Johns,"Los Angeles, CA, USA"
Phyllis Whitney,"Burlington, VT, USA"
Roderick Thorp,"Newark, NJ, USA"
Noel Behn,"New York City, NY, USA"
Harry Kemelman,"Boston, MA, USA"
John Barth,"Cambridge, MD, USA"
Robert Crichton,"New York City, NY, USA"
Harry Mark Petrakis,"Chicago, IL, USA"
Elia Kazan,"Constantinople, Turkey"
Herbert Gold,"Brooklyn, NY, USA"
Ira Levin,"New York City, NY, USA"
Chaim Potok,"The Bronx, NY, USA"
Sarah Gainham,"Vienna, Austria"
Catherine Marshall,"Winfield, WV, USA"
Robert J. Serling,"Tucson, AZ, USA"
Henry Sutton,"Geelong, Victoria, Australia"
John Kenneth Galbraith,"Iona Station, Ontario, Canada"
Richard Bradford,"Omaha, NE, USA"
Herbert Tarr,"Pittsburgh, PA, USA"
Charles Portis,"Little Rock, AR, USA"
Drew Pearson,"Pittsburgh, PA, USA"
Alexander Solzhenitsyn,"Kislovodsk, Stavropol Krai, Russia"
Dorothy Eden,"Auckland, New Zealand"
Mario Puzo,"New York City, NY, USA"
Kurt Vonnegut,"Indianapolis, IN, USA"
Michael Crichton,"Chicago, IL, USA"
Ross MacDonald,"Los Gatos, CA, USA"
Gladys Rockmore Davis,"New York City, NY, USA"
Eugenia Price,"Fitzgerald, GA, USA"
Penelope Ashe,"New York City, NY, USA"
Jimmy Breslin,"Jamaica, Queens, NY, USA"
Erich Segal,"New York City, NY, USA"
Elie Wiesel,"Sighetu Marmației, Maramureș, Romania"
James Dickey,"Kalong, GA, USA"
Gabriel Garcia Marquez,"Aracataca, Magdalena, Colombia"
Eudura Welty,"Jackson, MS, USA"
Gordon Merrick,"New York City, NY, USA"
John Weitz,"Berlin, Germany"
Lois Gould,"New York City, NY, USA"
Christy Brown,"Dublin, Ireland"
Joan Didion,"Sacramento, CA, USA"
R.F. Delderfield,"Weston-super-Mare, Somerset, England"
R.V. Cassill,"Davenport, IA, USA"
Joseph Wambaugh,"Los Angeles, CA, USA"
Ross Macdonald,"Los Gatos, CA, USA"
Robertson Davies,"eastern Ontario, Canada"
Herman Raucher,"New York City, NY, USA"
Sylvia Plath,"Boston, MA, USA"
Oliver Lange,None
Susan Howatch,"London, England"
Jerzy Kosinski,"Łódź, Poland"
Walker Percy,"Birmingham, AL, USA"
Thomas Tryon,"London, England"
William Peter Blatty,"Boston, MA, USA"
Pierre Salinger,"San Francisco, CA, USA"
Frederick Forsyth,"Ashford, Kent, England"
E.M. Forster,"Marrickville, New South Wales, Australia"
George P. Garrett,"Fort Worth, TX, USA"
George V. Higgins,"Cape Cod, MA, USA"
Richard Bach,"Oak Park, IL, USA"
Jane McIlvaine McClary,"Montgomery County, PA, USA"
James Mills,None
Aleksandr Solzhenitsyn,"Kislovodsk, Stavropol Krai, Russia"
Dan Jenkins,"Fort Worth, TX, USA"
Marilyn Durham,"Fayetteville, NC, USA"
Trevanian,"Seattle, WA, USA"
Marjorie Holmes,"Santa Monica, CA, USA"
John Gardner,"Boulder, CO, USA"
Phyllis A. Whitney,"Jersey City, NJ, USA"
John Godey,"New York City, NY, USA"
Thomas Pynchon,"Wipfville, NY, USA"
Robert Ludlum,"Newark, NJ, USA"
Dorothy Uhnak,"New York City, NY, USA"
Doris Lessing,"Kermanshah, Iran"
Tom Wicker,"Troy, NY, USA"
Paul Emil Erdman,"Waukegan, IL, USA"
Lawrence Sanders,"Brooklyn, NY, USA"
Lonnie Coleman,"Pine Mountain, KY, USA"
Margaret Craven,"Haverhill, MA, USA"
Peter Benchley,"New York City, NY, USA"
Richard Adams,"Newbury, Berkshire, England"
George Higgins,"Lynn, MA, USA"
Chuck Barris,"Philadelphia, PA, USA"
Sidney Sheldon,"Chicago, IL, USA"
Alfred Coppel,"Los Angeles, CA, USA"
Paul E. Erdman,"Milwaukee, WI, USA"
Alison Lurie,"Chicago, IL, USA"
James Michener.,"Davenport, IA, USA"
Harold Robbins.,"New York City, NY, USA"
Joseph Heller,"Brooklyn, NY, USA"
Thomas Tryon.,"Cheshire, Cheshire, England"
Thomas Harris,"Jackson, TN, USA"
"John D, MacDonald","Syracuse, NY, USA"
Peter Matthiessen,"New York City, NY, USA"
Judith Rossner,"New York City, NY, USA"
Lothar-Guenther Buchheim,"Weimar, Thuringia, Germany"
E. L. Doctorow,"Bronx, NY, USA"
Jack Higgins,"Belfast, Northern Ireland, UK"
Lothar-Gunther Buchheim,"Weilheim in Oberbayern, Bavaria, Germany"
Jerzy Kosiniski,"Łódź, Poland"
"William F. Buckley, Jr","New York City, NY, USA"
Leslie Waller,"Brooklyn, NY, USA"
Frank De Felitta,"New York City, NY, USA"
Lisa Alther,"Kingsport, TN, USA"
Nicholas Meyer,"Chicago, IL, USA"
Spiro T. Agnew,"Baltimore, MD, USA"
Judith Guest,"Detroit, MI, USA"
Gael Greene,"Detroit, MI, USA"
Francine du Plessix Gray,"Paris, France"
Clive Cussler,"Auburn, IN, USA"
Joyce Haber,"Los Angeles, CA, USA"
Sterling Hayden,"Upper Montclair, NJ, USA"
Harry Patterson,"Belfast, Northern Ireland"
Stephen King,"Portland, ME, USA"
Erica Jong,"New York City, NY, USA"
John D. MacDonald,"Pittsburgh, PA, USA"
N. Richard Nash,"Phoenix, AZ, USA"
Colleen McCullough,"Wellington, Queensland, Australia"
William Safire,"New York City, NY, USA"
Robin Cook,"New York City, NY, USA"
Anais Nin,"Paris, France"
Robert S. Elegant,None
Allistair MacLean,"Aldershot, Hampshire, England"
J.R.R. Tolkien,"Bloemfontein, Free State, South Africa"
Robert Coover,"Charles City, IA, USA"
Terence H. White,"Blandford Forum, Dorset, England"
Phillip Roth,"Newark, NJ, USA"
Marilyn French,"New York City, NY, USA"
John Gregory Dunne,"Hartford, CT, USA"
Jeffrey Archer,"LONDON, ENG, UK"
Sylvia Tenenbaum,None
Judith Krantz,"New York City, NY, USA"
Mary Higgins Clark,"New York City, NY, USA"
Anton Myrer,"Boston, MA, USA"
William F. Buckley Jr,"New York City, NY, USA"
John Irving,"Exeter, NH, USA"
Mary Gordon,"Melrose, MA, USA"
James Carroll,"Chicago, IL, USA"
Belva Plain,"New York City, NY, USA"
Ken Follett,"Cardiff, Wales, UK"
M.M. Kaye,"Nairobi, Kenya"
Judy Blume,"Elizabeth, NJ, USA"
Helen Van Slyke,"Lansingburgh, NY, USA"
F. Lee Bailey,"Worcester, MA, USA"
Jacqueline Briskin,"Los Angeles, CA, USA"
Lucian K. Truscott IV,"Winston-Salem, NC, USA"
Ruth Beebe Hill,"Winfield, Kansas, USA"
Neal Travis,None
Peter Straub,"Milwaukee, WI, USA"
Walter F. Murphy,None
Barbara Taylor Bradford,"Leeds, West Yorkshire, England"
William Goldman,"Chicago, IL, USA"
Jerzy Kusinski,"Łódź, Poland"
Norman Mailler,"Long Branch, NJ, USA"
Steve Shagan,"Boston, MA, USA"
Frank McDonald,None
Cynthia Freeman,"New York City, NY, USA"
Garson Kanin,"Rochester, NY, USA"
Isaac Bashevis Singer,"Leoncin, Poland"
Wilbur Smith,"Broken Hill, Zambia"
Dee Brown,"Hernando, MS, USA"
William Martin,None
Shirley Hazzard,"Sydney, New South Wales, Australia"
Eric Van Lustbader,"Hudson, NY, USA"
P.D. James,"Oxford, Oxfordshire, England"
Dick Francis,"Lawrence, Hertfordshire, England"
Margaret Truman,"Independence, MO, USA"
Michael M. Thomas,None
Joyce Carol Oates,"Lockport, NY, USA"
E.L. Doctorow,"New York City, NY, USA"
Jean M. Auel,"Chicago, IL, USA"
Danielle Steel,"New York City, NY, USA"
Avery Corman,"Brooklyn, NY, USA"
Sidney Sheldon ,"Chicago, IL, USA"
Robert Elegant,"Nanjing, Jiangsu, China"
Ray Bradbury,"Waukegan, IL, USA"
Oriana Fallaci,"Florence, Tuscany, Italy"
Kit Williams,"Ealing, London, England"
Philip Caputo,"Chicago, IL, USA"
Fred Mustard Stewart,"Olean, NY, USA"
Martin Cruz Smith,"Pasadena, CA, USA"
Toni Morrison,"Lorain, OH, USA"
D.M. Thomas,"Plymouth, Devon, England"
Frank Herbert,"Tacoma, WA, USA"
Gay Courter,"New York City, NY, USA"
Thomas Fleming,None
Andrew M. Greeley,"Chicago, IL, USA"
Paul Erdman,"Hershey, PA, USA"
Anne Tolstoi Wallach,"New York City, NY, USA"
Jackie Collins,"London, England, UK"
Robert Stone,"Savannah, GA, USA"
Bette Bao Lord,"Shanghai, China"
Robert Moss,None
David Niven,"London, England, UK"
Step hen King,"Portland, ME, USA"
John Jakes,"Chicago, IL, USA"
Gail Godwin,"Birmingham, AL, USA"
Paul Theroux,"Medford, MA, USA"
Garrison Keillor,"Anoka, MN, USA"
Anne Tyler,"Minneapolis, MN, USA"
Thomas Thompson,None
Stephen R. Donaldson,"Summit, NJ, USA"
Rita Mae Brown,"Hanover, PA, USA"
Judith Michael,"Beverly Hills, CA, USA"
Robert A. Heinlein,"Burlington, NJ, USA"
Michael Korda,"London, England, UK"
Jeffery Archer,"London, England"
William Kotzwinkle,"Scranton, PA, USA"
Shirley Conran,"Sheffield, South Yorkshire, England"
Gerald A. Browne,"New York City, NY, USA"
John M. Del Vecchio,"New York City, NY, USA"
Isaac Asimov,"Petrovichi, Smolensk, Russia"
Douglas Adams,"Cambridge, Cambridgeshire, England"
Elizabeth Forsythe Hailey,"Jacksonville, FL, USA"
Arthur C. Clarke,"Minehead, Somerset, England"
Marion Zimmer Bradley,"Albany, NY, USA"
Elizabeth Forsythe Halley,"San Antonio, TX, USA"
Louis L'Amour," mineola, New York, USA"
Nora Ephron,"New York City, NY, USA"
Alice Walker,"Eatonton, GA, USA"
L. Ron Hubbard,"Tilden, NE, USA"
Malcolm Bosse,"New York City, NY, USA"
Umberto Eco,"Alessandria, Piedmont, Italy"
Umberto Eco.,"Alessandria, Piedmont, Italy"
Trevanian.,"Eugene, OR, USA"
Andrew M. Greeley.,"Chicago, IL, USA"
Barbara Taylor Bradford.,"Leeds, West Yorkshire, England"
Louis L'Amour.,"Jamestown, ND, USA"
Jean M. Auel.,"Chicago, IL, USA"
Mark Helprin,"New York City, NY, USA"
Stephen Birmingham,"Newark, NJ, USA"
Bette Midler,"Honolulu, HI, USA"
Anne McCaffrey,"Cambridge, MA, USA"
Michael Ende,"Gütersloh, North Rhine-Westphalia, Germany"
Gary Jennings,"Los Angeles, CA, USA"
Susan Isaacs,"Brooklyn, NY, USA"
Clare Francis,"Norwich, Norfolk, England"
David Nevin,None
Dr. Seuss,"Springfield, MA, USA"
Robert B. Parker,"Cedarhurst, NY, USA"
Helen Hooven Santmyer,"Dayton, OH, USA"
Mary Carey,"Linden, Texas, USA"
Milan Kundera,"Brno, Czech Republic"
William Diehl,"Atlanta, GA, USA"
Jayne Anne Phillips,"Martinsburg, WV, USA"
Janet Dailey,"Mount Pleasant, IA, USA"
Alice Adams,"Kansas City, MO, USA"
Joan Rivers,"Brooklyn, NY, USA"
E. T. A. Hoffmann,"Königsberg, Prussia, Germany"
Tom Robbins,"Blowing Rock, NC, USA"
Elmore Leonard,"New Orleans, LA, USA"
Richard Bachman,None
Anita Brookner,"Herne Hill, London, England"
Tom Clancy,"Baltimore, MD, USA"
Dick Francis.,"Lawrenny, Pembrokeshire, Wales"
Isabel Allende.,"Lima, Peru"
Larry McMurtry,"Wichita Falls, TX, USA"
Isabel Allende,"Lima, Peru"
Larry Collins,"New York City, NY, USA"
Marguerite Duras,"Gia Dinh, Vietnam"
Dominick Dunne,"Holyoke, MA, USA"
Bret Easton Ellis,"Los Angeles, CA, USA"
Anthony Hyde,None
Carl Sagan,"New York City, NY, USA"
Anne Rice,"New Orleans, LA, USA"
Carlos Fuentes,"Panama City, Panama"
Chris Van Allsburg,"East Grand Rapids, MI, USA"
Margaret Atwood,"Ottawa, Ontario, Canada"
William F. Buckley Jr.,"New York City, NY, USA"
Margaret Atwood.,"Ottawa, Ontario, Canada"
Christopher Buckley,"New York City, NY, USA"
John Mortimer,"Harrow on the Hill, London, England"
Judith Krantz.,"New York City, NY, USA"
 Elizabeth Forsythe Hailey,"Shreveport, LA, USA"
John Mortimer.,"Perry Barr, Birmingham, England"
Dean R. Koontz,"Plymouth, IN, USA"
Marek Halter,"Warsaw, Poland"
Sue Miller,"Chicago, IL, USA"
Sue Miller ,"Chicago, IL, USA"
William J. Caunitz,"Brooklyn, NY, USA"
Sally Quinn,"Washington, D.C., USA"
Tama Janowitz,"New York City, NY, USA"
Karleen Koen,"New Orleans, LA, USA"
Louise Erdrich,"Little Falls, MN, USA"
Pat Conroy,"Abbeville, SC, USA"
P. D. James,"Oxford, Oxfordshire, England"
Stephen Coonts,"West Baden Springs, IN, USA"
Patrick Suskind,"Ambach, Bavaria, Germany"
Pat Conroy.,"Thomasville, GA, USA"
Mona Simpson,"Chinatown, Los Angeles, CA, USA"
John Gregory  Dunne,"Hartford, CT, USA"
Sally Beauman,"London, England"
Stephen Coonts.,"Elizabeth, NJ, USA"
Stephen King.,"Portland, ME, USA"
John Gardner.,"Batavia, NY, USA"
V. S. Naipaul.,"Chaguanas, Trinidad and Tobago"
David Eddings.,"Puyallup, WA, USA"
V. S. Naipaul,"Chaguanas, Trinidad and Tobago"
Craig Thomas,"Pottawatomie County, Oklahoma, USA"
David Eddings,"Los Angeles, CA, USA"
Clive Barker,"Liverpool, England, UK"
Scott Turow,"Chicago, IL, USA"
Robert Heinlein,"Butler, PA, USA"
Doris Mortman,"Newark, NJ, USA"
Edward Rutherfurd,"Salisbury, Wiltshire, England"
Scott Turow.,"Chicago, IL, USA"
Sidney Sheldon.,"Chicago, IL, USA"
Bruce Chatwin,"Shrewsbury, Shropshire, England"
Martha Grimes,"Chelsea, MA, USA"
Barbara Raskin,"Washington, D.C., USA"
Harold Coyle,"Manhattan, KS, USA"
Carrie Fisher,"Beverly Hills, CA, USA"
  Martha Grimes,"Heatherton, Maryland, USA"
W. E. B. Griffin,"Philadelphia, PA, USA"
Gail Godwin.,"Bangor, ME, USA"
Tom Wolfe,"Richmond, VA, USA"
 James A. Michener,"Doylestown, PA, USA"
Patrick F. McManus,"Sandpoint, ID, USA"
Jonathan Winters,"Dayton, OH, USA"
Thomas Flanagan,"Carrick-on-Shannon, County Leitrim, Ireland"
Rosamunde Pilcher,"Landsdowne, Lelant, Cornwall, England"
Ethan Canin,"South Bend, IN, USA"
Michael Chabon,"Washington, D.C., USA"
Nelson DeMille,"New York City, NY, USA"
William Kennedy,"Albany, NY, USA"
Tony Hillerman,"Sacramento, CA, USA"
Don DeLillo,"New York City, NY, USA"
Diane Duane,"Yonkers, NY, USA"
Joan Collins,"London, England, UK"
Anne Rivers Siddons,"Columbia, SC, USA"
Wilhelm Grimm,"Hanau, Hesse, Germany"
Jim Morrison,"Melbourne, FL, USA"
Payne Harrison,None
Salman Rushdie,"Mumbai, India"
LaVyrle Spencer,"Benson, MN, USA"
Amy Tan,"Oakland, CA, USA"
Larry Bond,"St. Louis, MO, USA"
Eileen Goudge,"New York City, NY, USA"
Dale Brown,"Berkeley, CA, USA"
Larry Collins.,"New York City, NY, USA"
Doris Mortman.,"New York City, NY, USA"
Jude Deveraux,"Fairchester, CT, USA"
Margaret Truman.,"Independence, MO, USA"
Raymond E. Feist.,"Los Angeles, CA, USA"
Joseph F. Girzone,"Syracuse, NY, USA"
Allan Gurganus,"Rocky Mount, NC, USA"
Jimmy Stewart.,"Indiana, PA, USA"
Jonathan Kellerman,"New York City, NY, USA"
J.M. Dillard,"Reading, PA, USA"
Whitley Strieber,"San Antonio, TX, USA"
Jimmy Buffett,"Pascagoula, MS, USA"
Judith Viorst,"Newark, NJ, USA"
Jimmy Stewart,"Indiana, PA, USA"
J. M. Dillard,None
Armistead Maupin,"Raleigh, NC, USA"
Graeme Base,"Melbourne, Victoria, Australia"
Eric V. Lustbader,"East Orange, NJ, USA"
Terry Brooks,"Sterling, IL, USA"
Martin Amis,"Oxford, England, UK"
Sara Paretsky,"Chicago, IL, USA"
Jimmy  Buffett,"Pascagoula, MS, USA"
Sue Grafton,"Louisville, KY, USA"
Dominick  Dunne,"Hartford, CT, USA"
Tom  Clancy,"Baltimore, MD, USA"
Dennis McFarland,"Pittsburgh, PA, USA"
John Saul,"Oakland, CA, USA"
de Deveraux,None
Kirk Douglas,"Amsterdam, NY, USA"
Alice Hoffman,"New York City, NY, USA"
M. Scott Peck,"Newtown, CT, USA"
Mario Vargas Llosa,"Arequipa, Peru"
Alexandra Day,None
Jan Brett,"Burlington, VT, USA"
A. S. Byatt,"Sheffield, South Yorkshire, England"
Maeve Binchy,"Dalkey, County Dublin, Ireland"
Charles Johnson,"Pittsburgh, PA, USA"
John Grisham,"Jackson, MS, USA"
Josephine Hart,"Dublin, Ireland"
John Sandford,"Cedar Rapids, IA, USA"
Whitney Otto,None
Anna Quindlen,"Philadelphia, PA, USA"
Timothy Zahn,"Chicago, IL, USA"
Lilian Jackson Braun,"Huntington, WV, USA"
Judith McNaught,"Evanston, IL, USA"
Sandra Brown,"Waco, TX, USA"
Robert Jordan,"William Robert Jordan was born in Charleston, South Carolina, USA."
Alexandra Ripley,"Charleston, SC, USA"
Michael Jan Friedman,"New York City, NY, USA"
Robert M. Pirsig,"Minneapolis, MN, USA"
Art Spiegelman,"Stockholm, Sweden"
NO AUTHOR,None
Nick Bantock,"Bristol, England, UK"
Nicholson Baker,"Portland, ME, USA"
Ed McBain,"Mansfield, OH, USA"
Margaret Wander Bonanno,"New york city, NY, USA"
Ivana Trump,"Zlin, Czech Republic"
Jane Smiley,"Los Angeles, CA, USA"
Alice McDermott,"Brooklyn, NY, USA"
Annie Dillard,"Pittsburgh, PA, USA"
Terry McMillan,"Port Huron, MI, USA"
Cormac McCarthy,"Providence, RI, USA"
Robert Harris,"Welwyn Garden City, Hertfordshire, England"
Peter David,"Perth Amboy, NJ, USA"
Robert James Waller,"Ely, IA, USA"
Susan Sontag,"New York City, NY, USA"
Patricia D. Cornwell,"Miami, FL, USA"
Donna Tartt,"Greenwood, MS, USA"
Rosellen Brown,"Chicago, IL, USA"
R. A. Salvatore,"Lemont, IL, USA"
Olive Ann Burns,"Cherokee, Iowa, USA"
Diane Carey,None
James Gurney,"Los Angeles, CA, USA"
Tom Hegg,None
Dean Koontz,"Ashland, OH, USA"
Richard North Patterson,"Oberlin, OH, USA"
James Patterson,"Newburgh, NY, USA"
Alan Lightman,"Memphis, TN, USA"
Tad Williams,"San Jose, CA, USA"
Carmen Carter,None
Laura Esquivel,"Mexico City, Mexico"
Kaye Gibbons,"Nash County, NC, USA"
Barbara Kingsolver,"Maryville, TN, USA"
Amanda Quick,"Sandy, Oregon, USA"
Julie Garwood,"Kansas City, MO, USA"
Michael Crichton writing as Jeffery Hudson,"Chicago, IL, USA"
Steve Martini,None
William Gibson,"Conway, SC, USA"
Carl Hiaasen,"Fort Lauderdale, FL, USA"
Roger Stern,None
R.A. Salvatore,"Medford, MA, USA"
Harriet Doerr,"Paso Robles, CA, USA"
Peter Hoeg,"Copenhagen, Denmark"
Phillip Margolin,"Portland, OR, USA"
Peter Mayle,"Brighton, East Sussex, England"
Susan Hill,"Scarborough, Yorkshire, England"
Kathy Tyers,None
W.E.B. Griffin,"Newark, NJ, USA"
Jayne Ann Krentz,"Bormann, WA, USA"
Diana Gabaldon,"Williams, AZ, USA"
Roddy Doyle,"Dublin, Ireland"
A.C. Crispin,None
James Redfield,"Birmingham, AL, USA"
Caleb Carr,"Chicago, IL, USA"
Michael Palmer,None
Allan Folsom,None
Dave Wolverton,"Provo, UT, USA"
James Finn Garner,"Chicago, IL, USA"
Jane Hamilton,"Oak Brook, IL, USA"
Walter Mosley,"Los Angeles, CA, USA"
Elizabeth George,"Warren, Ohio, USA"
James Lee Burke,"Erath, LA, USA"
Marlo Morgan,None
Patricia Cornwell,"Miami, FL, USA"
Bebe Moore Campbell,"Pennsylvania, USA"
Vonda N. McIntyre,"Fishers Island, NY, USA"
Don Imus,"Riverside, California, USA"
Jimmy Carter,"Plains, GA, USA"
Pete Dexter,"Jackson, MI, USA"
George Dawes Green,"Savannah, GA, USA"
Jack Finney,"Milwaukee, WI, USA"
Maya Angelou,"St. Louis, MO, USA"
Stanley Pottinger,"New York City, NY, USA"
Barbara Hambly,"Los Angeles, CA, USA"
Patrick O'Brian,"Chalonnes-sur-Loire, France"
Deepak Chopra,"New Delhi, India"
Winston Groom,"Mobile, AL, USA"
Nicholas Evans,"Worcestershire, England"
Louisa May Alcott,"Germantown, Pennsylvania, USA"
Kevin J. Anderson,"Marshall, MI, USA"
Richard Paul Evans,"Salt Lake City, UT, USA"
Johanna Lindsey,"Billings, MT, USA"
David Baldacci,"Richmond, VA, USA"
Tami Hoag,"Crescent, IA, USA"
E. Lynn Harris,"Little Rock, AR, USA"
David Saltzman,None
Nora Roberts,"Silver Spring, MD, USA"
Steve Perry,"Hanford, CA, USA"
John Darnton,"New York City, NY, USA"
Jane Mendelsohn,"New York City, NY, USA"
Connie Briscoe,"Washington, D.C., USA"
Shel Silverstein,"Chicago, IL, USA"
E. Annie Proulx,"Norfolk, Connecticut, USA"
Jeff Shaara,"Tampa, FL, USA"
Tess Gerritsen,"San Diego, CA, USA"
Jacquelyn Mitchard,"Chicago, IL, USA"
Stuart Woods,"Mr. Pleasant, GA, USA"
Nicholas Sparks,"Oceanside, CA, USA"
Julie Salamon,"Brooklyn, NY, USA"
Daniel Silva,"Pasan, New Jersey, USA"
Raymond E. Feist,"Los Angeles, CA, USA"
Douglas Kennedy,"Manhattan, NY, USA"
Jan Karon,"Lyndhurst, Ohio, USA"
Pete Hamill,"Brooklyn, NY, USA"
Brad Meltzer,"Brooklyn, NY, USA"
John Case,None
Mary Jo Putney,"Norfolk, VA, USA"
Joseph Kanon,"Beverly, MA, USA"
Charles Frazier,"Asheville, NC, USA"
Catherine Coulter,"Dallas, TX, USA"
Arundhati Roy,"Shillong, Meghalaya, India"
Faye Kellerman,"St. Louis, MO, USA"
Lorenzo Carcaterra,"New York City, NY, USA"
Kathy Reichs,"Chicago, IL, USA"
Diane Mott Davidson,"Eau Claire, WI, USA"
Elizabeth Lowell,None
Terry Goodkind,"Nebraska, USA"
Arthur Golden,"Chappaqua, NY, USA"
Ted Hughes,"Mytholmroyd, West Yorkshire, England"
Christopher Reich,"Tokyo, Japan"
Michael Connelly,"Philadelphia, PA, USA"
Brian Jacques,"Liverpool, England"
Iain Pears,"Oundle, Northamptonshire, England"
Dorothy Allison,"Greenville, SC, USA"
Gary Larson,"Tacoma, WA, USA"
Jewel Kilcher,"Kalamazoo, MI, USA"
Helen Fielding,"Moor Park, Hertfordshire, England"
Wally Lamb,"Connecticut, USA"
Bailey White,"Bainbridge, GA, USA"
Barbara Delinsky,"Boston, MA, USA"
Linda Howard,"Alabama, USA"
Lorrie Moore,"Glendale, WI, USA"
J. K. Rowling,"Yate, Gloucestershire, England"
Ian McEwan,"Aldershot, Hampshire, England"
George R. R. Martin,"Bayonne, NJ, USA"
Elizabeth Strout,"Pittsfield, ME, USA"
Sebastian Faulks,"Donnington, Berkshire, England"
Michael Cunningham,"Cincinnati, OH, USA"
David Guterson,"Seattle, WA, USA"
Janet Fitch,"Los Angeles, CA, USA"
Neal Stephenson,"Fort Meade, MD, USA"
Melissa Bank,"New York City, NY, USA"
Melinda Haynes,None
Janet Evanovich,"South River, NJ, USA"
Jeffery Deaver,"Glen Ellyn, IL, USA"
Iris Johansen,"Evangeline, GA, USA"
Orson Scott Card,"Richland, WA, USA"
Dave Barry,"Armonk, NY, USA"
Kent Haruf,"Pueblo, CO, USA"
Robert Morgan,"Burlington, NC, USA"
Christopher Paul Curtis,"Flint, MI, USA"
Lisa Scottoline,"Philadelphia, PA, USA"
Tracy Chevalier,"Washington, D.C., USA"
David Weber,"Longview, TX, USA"
Nevada Barr,"Yerington, NV, USA"
Tawni O'Dell,"Johnstown, PA, USA"
Stephen Harrigan,"Austin, TX, USA"
Greg Bear,"Hammond, IN, USA"
Elizabeth Peters,"Chicago, IL, USA"
Michael Ondaatje,"Columbo, Sri Lanka"
Zadie Smith,"London, England, UK"
Eric Jerome Dickey,"Memphis, TN, USA"
Ridley Pearson,"St. Louis, MO, USA"
Stephen Hunter,"Kansas City, MO, USA"
Vincent Lardo,None
Perri O'Shaughnessy,None
Omar Tyree,"Washington, D.C., USA"
Elizabeth Berg,"St. Paul, MN, USA"
Candace Bushnell,"Manhattan, NY, USA"
Christina Schwarz,None
Christopher Rice,"New Orleans, LA, USA"
Laurell K. Hamilton,"Cedar Rapids, IA, USA"
Steve Martin,"Waco, TX, USA"
Alice Alfonsi,"Somerville, MA, USA"
John le Carre,"Berlin, Germany"
Michael Reaves,None
Dennis Lehane,"Dorchester, MA, USA"
Susan Elizabeth Phillips,"Haven, IL, USA"
Nuala O'Faolain,"Dublin, Ireland"
Fern Michaels,"Huntington, WV, USA"
Anita Shreve,"Dedham, MA, USA"
Kristin Hannah,"Anaheim, CA, USA"
James Ellroy,"Los Angeles, CA, USA"
Chuck Palahniuk,"Pasco, WA, USA"
James Luceno,None
Richard Russo,"Johnstown, NY, USA"
Lalita Tademy,"San Francisco, CA, USA"
Neil Gaiman,"Portchester, Hampshire, England"
Alice Randall,"Nashville, TN, USA"
Harlan Coben," Newark, NJ, USA"
Greg Iles,"Austin, TX, USA"
Nick Hornby,"Redhill, Surrey, England"
Robert Crais,"Newark, NJ, USA"
J. A. Jance,"Deadline, Coconino County, Arizona, USA"
Jonathan Franzen,"Western Springs, IL, USA"
Linda Fairstein,"Mount Vernon, NY, USA"
Vince Flynn,"Saint Paul, MN, USA"
Lawrence Block,"Buffalo, NY, USA"
Mattie J.T. Stepanek,"Gaithersburg, MD, USA"
Mattie J. T. Stepanek,"Leonardtown, MD, USA"
Troy Denning,"Troy Denning was born in 1956 in West Lafayette, IN, USA."
John Lescroart,"Hayward, CA, USA"
Alan Dean Foster,"New York City, NY, USA"
Jasper Fforde,"Hereford, England, UK"
Anne Perry,"London, England, UK"
Stephen White,None
Sharon Kay Penman,"Newark, NJ, USA"
Jonathan Safran Foer,"Washington, D.C., USA"
Kate White,"Tarrytown, NY, USA"
Stephen L. Carter,"Washington, D.C., USA"
Adèle Lang,None
Ann Packer,"Boulder, CO, USA"
Alice Sebold,"Madison, WI, USA"
Jean M.Auel,"Chicago, IL, USA"
Fannie Flagg,"Birmingham, AL, USA"
Adam Haslett,"Saratoga Springs, NY, USA"
Alan Furst,"New York City, NY, USA"
Michel Faber,"Amsterdam, Netherlands"
Lee Smith,"Bonham, TX, USA"
Walter Jon Williams,"Duluth, MN, USA"
Allison Pearson,"LLanelli, Wales, UK"
Anne Lamott,"San Francisco, CA, USA"
Donna VanLiere,"Nashville, TN, USA"
Joel C. Rosenberg,"Rochester, NY, USA"
Yann Martel,"Salamanca, Spain"
Karen Robards,"Louisville, KY, USA"
Stephanie Laurens,"Kew, Victoria, Australia"
Elizabeth Buchan,"Wantage, Oxfordshire, England"
James Siegel,"New York City, NY, USA"
Matthew Pearl,"Boston, MA, USA"
T. Coraghessan Boyle,"Peekskill, NY, USA"
Dan Brown,"Exeter, NH, USA"
Kathleen E. Woodiwiss,"Alexandria, LA, USA"
Bernard Cornwell,"London, England, UK"
Lauren Weisberger,"Scranton, PA, USA"
Alexander McCall Smith,"Bulawayo, Zimbabwe"
Andy Andrews,"Oklahoma City, OK, USA"
Carolyn Parkhurst,"Washington, D.C., USA"
Dorothea Benton Frank,"James Island, SC, USA"
Adriana Trigiani,"Big Stone Gap, VA, USA"
Suzanne Brockmann,"Lynn, MA, USA"
Mark Haddon,"Northampton, Northamptonshire, England"
Kay Hooper,"Jasper, Alabama, USA"
Jhumpa Lahiri,"London, England, UK"
Audrey Niffenegger,"Southside Chicago, IL, USA"
Jonathan Lethem,"Brooklyn, NY, USA"
Mitch Albom,"Buffalo, NY, USA"
Haywood Smith,"Atlanta, GA, USA"
Elisabeth Robinson,"Harrogate, Yorkshire, England"
Joseph Finder,"Chicago, IL, USA"
J. D. Robb,None
Jennifer Crusie,"Wilmington, OH, USA"
Sarah Dunant,"London, England"
Laurie R. King,"Oakland, CA, USA"
John Dunning,"Nashua, NH, USA"
Tom Perrotta,"Massachusetts, USA"
Edwidge Danticat,"Port-au-Prince, Ouest, Haiti"
Chang-rae Lee,"Seoul, South Korea"
Jodi Picoult,"Leicester, MA, USA"
Plum Sykes,"London, England, UK"
Lolly Winston,None
Karen Joy Fowler,"Bloomington, IN, USA"
Lee Child,"Coventry, West Midlands, England"
Jane Green,"Haworth, West Yorkshire, England"
Randy Wayne White,"Chicago, IL, USA"
Mary Balogh,"Pembroke, Pembrokeshire, Wales, UK"
Diana Palmer,"Cheyenne, WY, USA"
Karen Marie Moning,"Pennsylvania, USA"
Pamela Anderson,"Ladysmith, British Columbia, Canada"
Susanna Clarke,"Nottingham, England"
Kristin Gore,"Los Angeles, CA, USA"
Jennifer Weiner,"July 28, 1970, Philadelphia, PA, USA"
Sophie Kinsella,"London, England, UK"
Mark Winegardner,"Canton, OH, USA"
Alice Munro,"Wingham, Ontario, Canada"
Philippa Gregory,"Nairobi, Kenya"
Zane,"Camden, Ohio, USA"
Lisa Gardner,"Brighton, MA, USA"
Marilynne Robinson,"Sandpoint, ID, USA"
Curtis Sittenfeld,"Cincinnati, OH, USA"
Haruki Murakami,"Kyoto, Japan"
Mary Doria Russell,"Elmhurst, IL, USA"
Elizabeth Flock,None
Frank Delaney,"Nenagh, County Tipperary, Ireland"
Matthew Stover,None
Rebecca Wells,"Lafayette, LA, USA"
Sue Monk Kidd,"Sylvester, GA, USA"
Debbie Macomber,"Yakima, WA, USA"
Charlaine Harris,"Magness, AR, USA"
Steve Berry,"Fort Benning, GA, USA"
Elizabeth Kostova,"New London, CT, USA"
John Twelve Hawks,None
Tilly Bagshawe,"London, England, UK"
Brett Easton Ellis,"Los Angeles, CA, USA"
Ted Bell,None
Douglas Preston,"Cambridge, MA, USA"
Robert Hicks,None
Gregory Maguire,"Albany, NY, USA"
Raymond Khoury,"Beirut, Lebanon"
Julian Barnes,"Leicester, England"
Kimberla Lawson Roby,"Peoria, IL, USA"
Jay McInerney,"Hartford, CT, USA"
Heather Graham,"Milwaukee, WI, USA"
T. Jefferson Parker,"Los Angeles, CA, USA"
Thomas Perry,None
Kate Mosse,"Chichester, West Sussex, England"
Javier Sierra,"Teruel, Aragón, Spain"
Christopher Moore,"Cleveland, OH, USA"
Allegra Goodman,"Boston, MA, USA"
Lisa Jackson,"Pittsburgh, PA, USA"
Irène Némirovsky,"Kiev, Ukraine"
Wendy Wasserstein,"Brooklyn, NY, USA"
Gary Troup,None
Sherrilyn Kenyon,"Columbus, GA, USA"
Aaron Allston,"Syracuse, NY, USA"
Sara Gruen,"Vancouver, British Columbia, Canada"
Emily Giffin,"Naperville, IL, USA"
James Rollins,"Chicago, IL, USA"
Luanne Rice,"New Britain, CT, USA"
Scott Smith,"Summit, NJ, USA"
Kathleen McGowan,"Los Angeles, CA, USA"
Gordon Dahlquist,None
George Pelecanos,"Washington, D.C., USA"
Marisha Pessi,"Fond du Lac, WI, USA"
Karin Slaughter,"Jonesboro, GA, USA"
Claire Messud,"New York City, NY, USA"
Christine Feehan,"Lodi, CA, USA"
Edward P. Jones,"Washington, D.C., USA"
Diane Setterfield,"Battletown, England, UK"
Max Brooks,"New York City, NY, USA"
Mark Z. Danielewski,"New York City, NY, USA"
Drew Karpyshyn,None
Dave Eggers,"Boston, MA, USA"
Lincoln Child,"Westport, CT, USA"
Chris Bohjalian,"Winooski, VT, USA"
Joe Hill,"Gävle, Gävleborg, Sweden"
Alison Weir,"London, England, UK"
Lisa Kleypas,"Temple, TX, USA"
Laura Lippman,"Atlanta, GA, USA"
Lionel Shriver,"Birmingham, West Midlands, England"
Kurt Andersen,"Omaha, NE, USA"
Kim Harrison,"Salem, IN, USA"
Michael Gruber,"Los Angeles, CA, USA"
Jim Butcher,"Indianapolis, IN, USA"
Mohsin Hamid,"Lahore, Punjab, Pakistan"
Andrew Gross,"New York City, NY, USA"
Kelley Armstrong,"Sudbury, Ontario, Canada"
Khaled Hosseini,"Kabul, Afghanistan"
Karen Traviss,"Belfast, Northern Ireland, UK"
Ann Brashares,"Evanston, IL, USA"
Holly Peterson,"New York City, NY, USA"
Lisa See,"Paris, France"
Brad Thor,"Chicago, IL, USA"
Harry Turtledove,"Los Angeles, CA, USA"
Megan McCafferty,"Princeton, NJ, USA"
Nancy Horan,None
Amy Bloom,"New York City, NY, USA"
Denis Johnson,"Münster, North Rhine-Westphalia, Germany"
Chelsea Cain,"Job's Daughters Home, Omaha, NE, USA"
Junot Díaz,"Domingo, Dominican Republic"
Jason F. Wright,"Bountiful, UT, USA"
Sarah Addison Allen,"Brevard, NC, USA"
Terry Pratchett,"Beaconsfield, Buckinghamshire, England"
Jeff Lindsay,"Miami, FL, USA"
Ann Patchett,"Los Angeles, CA, USA"
Donald McCaig,"Dundee, Scotland"
Geraldine Brooks,"Adelaide, South Australia, Australia"
Charles Bock,"Las Vegas, NV, USA"
Kendall Hart,"Niagara Falls, NY, USA"
Alex Berenson,"New York City, NY, USA"
Lauren Groff,"Cooperstown, NY, USA"
Jacqueline Winspear,"Herne Bay, Kent, England"
Mary Kay Andrews,"Valdosta, GA, USA"
Richard Price,"Wolverhampton, England"
Marisa de los Santos,"Dewey Beach, DE, USA"
Meg Wolitzer,"New York City, NY, USA"
Carol Higgins Clark,"New York City, NY, USA"
Tom Rob Smith,"London, England, UK"
Stephenie Meyer,"Hartford, CT, USA"
James Frey,"Mediapolis, IA, USA"
Garth Stein,"Seattle, WA, USA"
David Wroblewski,"Milwaukee, WI, USA"
Brunonia Barry,"Salem, MA, USA"
Andrew Davidson,None
David Ebershoff,"Pasadena, CA, USA"
Sean Williams,"Adelaide, South Australia, Australia"
Stieg Larsson,"Skellefteå, Västerbotten, Sweden"
Katherine Neville,"Illinois, USA"
Sister Souljah,"Newark, NJ, USA"
W. E.B. Griffin,"Newark, NJ, USA"
Janice Y. K. Lee,"Hong Kong, China"
Josh Bazell,None
Patricia Briggs,"Butte, MT, USA"
T. C. Boyle,"Peekskill, NY, USA"
Spencer Quinn,None
Joanne Fluke,"Duluth, MN, USA"
Kathryn Stockett,"Jackson, MS, USA"
Jamie Ford,"Chandler, AZ, USA"
Jennifer Chiaverini,"Menomonee Falls, WI, USA"
John L. Parker Jr.,None
Ted Dekker,"Christiansburg, VA, USA"
William R. Forstchen,None
Sandra Dallas,"Serving, Colorado, USA"
Christie Golden,"Watsonville, CA, USA"
J. R. Ward,"Johnson City, TN, USA"
John Hart,"New Jersey, USA"
MaryJanice Davidson,"Bismarck, ND, USA"
Katherine Howe,"Marblehead, MA, USA"
Carlos Ruiz Zafón,"Barcelona, Catalonia, Spain"
Elin Hilderbrand,"Nantucket, MA, USA"
"J. A, Jance","Wilmington, DE, USA"
Nancy Grace,"Macon, GA, USA"
Lev Grossman,"Little Rock, AR, USA"
S. M. Stirling,"Edinburgh, Scotland"
Jeannette Walls,"Spartanburg, SC, USA"
Richard Castle,None
Joe Schreiber,None
Hilary Mantel,"Glossop, Derbyshire, England"
Leila Meacham,None
Sarah Blake,None
Henning Mankell,"Helsingborg, Skåne, Sweden"
Cathleen Schine,"New York City, NY, USA"
Seth Grahame-Smith,"Pittsburgh, PA, USA"
Danielle Trussoni,"La Crosse, WI, USA"
Helen Simonson,"Royal Tunbridge Wells, Kent, England"
Francine Rivers,"Redding, CA, USA"
Karl Marlantes,"Seattle, WA, USA"
Tom Rachman,"London, England, UK"
Justin Cronin,"Newport News, VA, USA"
Glenn Beck,"Mount Vernon, WA, USA"
David Mitchell,"Southport, Merseyside, England"
Aimee Bender,"Los Angeles, CA, USA"
Tana French,"Dallas, TX, USA"
Gary Shteyngart,"Leningrad, Russia"
Anne Fortier,"Arezzo, Tuscany, Italy"
Brandon Sanderson,"Lincoln, NE, USA"
Emma Donoghue,"Dublin, Ireland"
Tatiana de Rosnay,"Neuilly-sur-Seine, Île-de-France, France"
David Sedaris,"Burlington, NC, USA"
Kristen Britain,None
Eleanor Brown,None
Dana Stabenow,"Palmer, AK, USA"
Deborah Harkness,"Philadelphia, PA, USA"
Alan Bradley,"Toronto, Ontario, Canada"
Karen Russell,"Miami, FL, USA"
J.A. Jance,"Beaumont, TX, USA"
Paula McLain,"Fresno, CA, USA"
Patrick Rothfuss,"Madison, WI, USA"
Anne Bishop,"Smithtown, NY, USA"
Tea Obreht,"Niš, Serbia"
C. J. Box,"Pawnee City, NE, USA"
Paul S. Kemp,None
Francine Pascal,"New York City, NY, USA"
David Foster Wallace,"Ithaca, NY, USA"
Carolyn Hennesy,"Los Angeles, CA, USA"
Diane Miller,None
Kyung-Sook Shin,"Gyeongju, North Gyeongsang, South Korea"
Jack Campbell,None
Jen Lancaster,"Elmhurst, IL, USA"
Jo Nesbo,"Oslo, Norway"
Albert Brooks,"Brooks, Albert: Beverly Hills, CA, USA"
Nalini Singh,"Gorakhpur, Uttar Pradesh, India"
Daniel H. Wilson,"Tulsa, OK, USA"
J. Courtney Sullivan,"Beverly, MA, USA"
Lars Kepler,None
S. J. Watson,None
Amor Towles,"Boston, MA, USA"
Louise Penny,"Toronto, Ontario, Canada"
Vanessa Diffenbaugh,"San Francisco, CA, USA"
Chad Harbach,"Racine, WI, USA"
Erin Morgenstern,"Marblehead, MA, USA"
Michael Savage,"The Bronx, NY, USA"
Michael Brandman,"Brooklyn, NY, USA"
Paulo Coelho,"Rio de Janeiro, Brazil"
James Wesley Rawles,None
Jeffrey Eugenides,"Detroit, MI, USA"
Colson Whitehead,"New York City, NY, USA"
Kresley Cole,"Ascot, Kent, England"
Lara Adrian,"Albany, NY, USA"
Tim Dorsey,"Tampa, FL, USA"
William Landay,"Boston, MA, USA"
Adam Johnson,"Minnesota, USA"
Deborah Crombie,"Waco, TX, USA"
Paul Garrison,"Oklahoma City, OK, USA"
Lisa Lutz,"Ann Arbor, MI, USA"
Chris Pavone,None
Sanjay Gupta,"Bhopal, Madhya Pradesh, India"
Donna Leon,"Newark, NJ, USA"
Charlotte Rogan,None
J.R. Ward,"Pittsburgh, PA, USA"
Ron Rash,"Cruso, NC, USA"
Ace Atkins,"Tampa, FL, USA"
W. Bruce Cameron,"Petoskey, MI, USA"
Ed Falco,"New York City, NY, USA"
Richard Ford,"Jackson, MS, USA"
Gillian Flynn,"Kansas City, MO, USA"
John Scalzi,"La Jolla, CA, USA"
Karen Thompson Walker,"Los Angeles, CA, USA"
Jess Walter,"Spokane, WA, USA"
Maggie Shipstead,"Napa, CA, USA"
Chris Cleave,"London, England, UK"
Carlos Ruiz Zafon,"Barcelona, Catalonia, Spain"
M. L. Stedman,"Porirua, New Zealand"
Peter Heller,None
Maria Semple,"Santa Monica, CA, USA"
William Kent Krueger,"Brownsville, TN, USA"
Brent Weeks,"Hayward, CA, USA"
Jo Nesbø,"Oslo, Norway"
David Wong,None
Kate Morton,"Berri, South Australia, Australia"
Robert Kirkman,"Pasadena, CA, USA"
Patrick Taylor,"Belfast, Northern Ireland"
Karen Kingsbury,"Paris, TN, USA"
Kevin Powers,"Richmond, VA, USA"
Lois McMaster Bujold,"Saint Paul, MN, USA"
Wm. Paul Young,"Pausanias, British Columbia, Canada"
Ayana Mathis,"Philadelphia, PA, USA"
George Saunders,"Oshkosh, WI, USA"
Ian Rankin,"Fife, Scotland, UK"
Charles Todd,"Clydebank, Scotland, UK"
Melanie Benjamin,"Evanston, IL, USA"
Herman Koch,"Arnhem, Gelderland, Netherlands"
Edward Kelsey Moore,"Chicago, IL, USA"
Therese Anne Fowler,None
Kate Atkinson,"York, England, UK"
James Salter,"Fort Sheridan, IL, USA"
Kimberly McCreight,"Phoenix, AZ, USA"
Philip Kerr,"Edinburgh, Scotland"
Susan Wiggs,"Bellingham, WA, USA"
Lauren Graham,"Honolulu, HI, USA"
Philipp Meyer,"Austin, TX, USA"
Colum McCann,"Dublin, Ireland"
Craig Johnson,"Evanston, WY, USA"
Ian Doescher,"Portland, OR, USA"
Robert Galbraith,"Trainee, Scotland, UK"
David Rakoff,"Montreal, Quebec, Canada"
Liane Moriarty,"Sydney, New South Wales, Australia"
Marisha Pessl,"North Carolina, USA"
Samantha Shannon,"Londonderry, Northern Ireland, UK"
John Jackson Miller,None
Jason Mott,"Burgaw, NC, USA"
Elizabeth Gilbert,"Waterbury, CT, USA"
Anne Hillerman,"Los Alamos, NM, USA"
Mary Oliver,"Maple Heights, OH, USA"
Eleanor Catton,"Palmerston North, Manawatu-Wanganui, New Zealand"
Billy Collins,"New York City, NY, USA"
Doug Dorst,None
B. J. Novak,"Newton, MA, USA"
Andy Weir,"Davis, CA, USA"
Phil Klay,"Dover, DE, USA"
Olen Steinhauer,None
Jean Hanff Korelitz,"New York City, NY, USA"
Ann B. Ross,"Raleigh, NC, USA"
Gabrielle Zevin,"New York City, NY, USA"
Francine Prose,"Brooklyn, NY, USA"
Anthony Doerr,"Cleveland, OH, USA"
Ruth Reichl,"New York City, NY, USA"
Emma Straub,"New York City, NY, USA"
Jojo Moyes,"London, England, UK"
Edan Lepucki,"Los Angeles, CA, USA"
Rainbow Rowell,"Omaha, NE, USA"
Mark Greaney,"Murfreesboro, TN, USA"
Ilona Andrews,None
Robin Hobb,"California, USA"
Matthew Thomas,"New York City, NY, USA"
Reed Farrel Coleman,"Brooklyn, NY, USA"
Sophie Hannah,"Manchester, England, UK"
John Darnielle,"Bloomington, IN, USA"
Sarah Waters,"Pembrokeshire, Wales, UK"
Emily St. John Mandel,"Vancouver, British Columbia, Canada"
Colm Toibin,"Wexford, Ireland"
Richard Flanagan,"Laois, Ireland"
Anita Diamant,"New York City, NY, USA"
Brad Taylor,"Tampa, FL, USA"
Graeme Simsion,"Melbourne, Victoria, Australia"
Pierce Brown,"Huntington Beach, CA, USA"
Paula Hawkins,"Salisbury, Wiltshire, England"
Miranda July,"Boulder, CO, USA"
Tim Johnston,"Iowa City, IA, USA"
David Duchovny,"New York City, NY, USA"
Richard Price writing as Harry Brandt,"Caribbean, None, USA"
Allison Pataki,"New York City, NY, USA"
Kazuo Ishiguro,"Nagasaki, Japan"
Ian Caldwell,None
Jill Alexander Essbaum,"Elkhart, IN, USA"
Peter V. Brett,"Albuquerque, NM, USA"
Lisa Genova,"Watertown, MA, USA"
A.N. Roquelaure,None
Karl Ove Knausgaard,"Oslo, Norway"
Jessica Knoll,"New York, NY, USA"
Paolo Bacigalupi,"Paolo Bacigalupi, Paonia, CO, USA"
Jason Matthews,"Pittsburgh, PA, USA"
Grant Blackwood,"Pawtucket, RI, USA"
Nina George,"Bielefeld, North Rhine-Westphalia, Germany"
Ernest Cline,"Ashland, OH, USA"
Don Winslow,"Oceanside, CA, USA"
Paula Mclain,"Fresno, CA, USA"
Ruth Ware,"Ruth Ware was born in Lewes, East Sussex, England."
Ivan Doig,"White Sulphur Springs, MT, USA"
David Lagercrantz,"Sundbyberg, Sweden"
Chuck Wendig,"Elmira, NY, USA"
Garth Risk Hallberg,"New York City, NY, USA"
Ethan Hawke,"Austin, TX, USA"
Fiona Barton,None
Cynthia D'Aprix Sweeney,None
Jim Harrison,"Grayling, MI, USA"
Edna O'Brien,"Tuamgraney, County Clare, Ireland"
Martha Hall Kelly,"Pittstown, NY, USA"
Dominic Smith,"Sydney, NSW, Australia"
L. S. Hilton,None
Claudia Gray,"Born in New Orleans, LA, USA"
Steve Hamilton,"Sault Ste. Marie, MI, USA"
Stephanie Danler,"Laguna Beach, CA, USA"
Noah Hawley,"Palo Alto, CA, USA"
Yaa Gyasi,"Accra, Greater Accra Region, Ghana"
Emma Cline,"Guerneville, CA, USA"
Annie Proulx,"Norwich, CT, USA"
Julian Fellowes,"Turner, Derbyshire, England"
Delia Ephron,"New York City, NY, USA"
Blake Crouch,"Chattanooga, TN, USA"
B. A. Paris,None
Jacqueline Woodson,"Columbia, SC, USA"
Graham Moore,"Chicago, IL, USA"
Nathan Hill,None
Shari Lapena,"St. Catharines, Ontario, Canada"
Kyle Mills,"Omaha, NE, USA"
Mark Frost,"New York City, NY, USA"
Brit Bennett,"Los Angeles, CA, USA"
Stephanie Meyer,"Hartford, CT, USA"
Alexander Freed,None
Karen White,None
J. P. Delaney,None
Paul Auster,"Camden, NJ, USA"
Sarah Pinborough,"Cardiff, Wales, UK"
V. E. Schwab,"Nashville, TN, USA"
Christina Baker Kline,"Camden, ME, USA"
J P Delaney,None
Jessica Shattuck,"Boston, MA, USA"
Fredrik Backman,"Brommat, Sweden"
Kevin Kwan,"Singapore, Singapore, None"
Anthony Horowitz,"St. Edmunds, Suffolk, England"
Mike Maden,None
Mary Alice Monroe,"Hartsville, SC, USA"
Susan Mallery,"Bellingham, WA, USA"
Linda Castillo,"Loudonville, OH, USA"
Lisa Wingate,"Little Rock, AR, USA"
Janelle Brown,None
Edgar Cantero,None
C.J. Box,"BPaonia, CO, USA"
C J. Box,"Cheyenne, WY, USA"
Susan Elia MacNeal,None
Gabriel Tallent,None
Delilah S. Dawson,None
J.D. Robb,None
Celeste Ng,"Pittsburgh, PA, USA"
Jesmyn Ward,"Burlington, VT, USA"
Jennifer Egan,"Chicago, IL, USA"
various authors,Please specify the authors you are interested in.
Tom Hanks,"Concord, CA, USA"
Marc Cameron,None
A.J. Finn,None
Naomi Alderman,"London, England, UK"
Chloe Benjamin,"San Francisco, CA, USA"
Karen Cleveland,None
Tayari Jones,"Decatur, GA, USA"
Jason Fry,"Omaha, NE, USA"
Madeline Miller,"Boston, MA, USA"
Richard Powers,"Evanston, IL, USA"
Lisa Jewell,"London, England, UK"
Daniel José Older,"New York City, NY, USA"
Jake Tapper,"Washington, D.C., USA"
Rachel Kushner,"San Francisco, CA, USA"
Aimee Molloy,"Suffern, NY, USA"
Katherine Center,"Austin, TX, USA"
Catherine Steadman,None
Tommy Orange,"Oakland, CA, USA"
Fatima Farheen Mirza,None
B.A. Paris,"Nobody's known, UK"
Riley Sager,"Burlington, NJ, USA"
Beatriz Williams,"Rye, NY, USA"
Naomi Novik,"New York City, NY, USA"
Ottessa Moshfegh,"Boston, MA, USA"
Rosie Walsh,None
Nico Walker,"Cleveland, OH, USA"
Delia Owens,"Montana, USA"
Hank Green,"Birmingham, AL, USA"
V.E. Schwab,None
Leonard Cohen,"Montreal, Quebec, Canada"
Joseph Fink,None
George R.R. Martin,"Bayonne, NJ, USA"
Katherine Arden,"Austin, TX, USA"
Marie Benedict,"Pittsburgh, PA, USA"
Gregg Hurwitz,"San Francisco, CA, USA"
Alex Michaelides,"Nicosia, Cyprus"
Marlon James,"Kingston, Jamaica"
Gwenda Bond,None
Tara Conklin,"Nottingham, England, UK"
Jane Harper,"Manchester, England, UK"
John Kenney,None
Yangsze Choo,"Kuala Lumpur, Malaysia"
Taylor Jenkins Reid,"Mill Valley, CA, USA"
James S.A. Corey,None
Nell Freudenberger,"Omaha, NE, USA"
Sally Rooney,"Castlebar, County Mayo, Ireland"
Greg Weisman,"New York City, NY, USA"
Etaf Rum,None
Ted Chiang,"Portland, OR, USA"
Mary Beth Keane,"Born in Mount Kisco, NY, USA"
Ocean Vuong,"Saigon, Vietnam"
Jean Kwok,"Hong Kong, China"
Kristen Arnett,"Orlando, FL, USA"
Taffy Brodesser-Akner,None
Megan Miranda,"New Jersey, USA"
Claire Lombardo,"Oak Park, IL, USA"
Linda Holmes,None
Chandler Baker,None
Cristina Alger,None
Nancy Thayer,"Nantucket, MA, USA"
Adrian McKinty,"Belfast, Northern Ireland"
Téa Obreht,"Belgrade, Serbia"
Alex North,"Chicago, IL, USA"
Jonathan Cahn,"Camden, NJ, USA"
Lara Prescott,None
Joe Abercrombie,"Lancaster, England"
Ta-Nehisi Coates,"Baltimore, MD, USA"
Heather Morris,"Durban, KwaZulu-Natal, South Africa"
Stephen Chbosky,"Pittsburgh, PA, USA"
Leigh Bardugo,"Jerusalem, Israel"
Kevin Wilson,"Huntsville, AL, USA"
Kiley Reid,"Phoenix, AZ, USA"
Ann Napolitano,"Chicago, IL, USA"
Liz Moore,None
Jeanine Cummins,"Akron, OH, USA"
Abi Daré,None
Jenny Offill,"Burlington, VT, USA"
Simone St. James,None
Mary Kubica,"Naperville, IL, USA"
Sarah J. Maas,"Easton, PA, USA"
Lily King,"Eatontown, NJ, USA"
Amanda Eyre Ward,"Charlotte, NC, USA"
James McBride,"People's District, VA, USA"
Kate Elizabeth Russell,None
Rebecca Serle,"Los Angeles, CA, USA"
Rae Carson,"Tucson, AZ, USA"
N.K. Jemisin,"Indianapolis, IN, USA"
Elizabeth Wetmore,None
Veronica Roth,"New York City, NY, USA"
Grady Hendrix,"Charleston, SC, USA"
Jack Carr,"Pittsburgh, PA, USA"
Lawrence Wright,"Dallas, TX, USA"
Alka Joshi,"City of Jaipur, Rajasthan, India"
Lucy Foley,"London, England, UK"
Megha Majumdar,"Kolkata, West Bengal, India"
Connie Schultz,"Lima, OH, USA"
Julie Clark,None
Silvia Moreno-Garcia,"Mexico City, Mexico"
Lindsay Ellis,"Saratoga Springs, NY, USA"
Tamsyn Muir,None
Raven Leilani,"Brooklyn, NY, USA"
Akwaeke Emezi,"Umukoro, Nigeria"
Fiona Davis,None
Elena Ferrante,"Naples, Italy"
Nancy Jooyoun Kim,"Seoul, South Korea"
Ann Cleeves,"Brampton, Cumbria, England"
Christopher Paolini,"Los Angeles, CA, USA"
Asha Lemmie,"Tokyo, Japan"
Lana Del Rey,"New York City, NY, USA"
Matt Haig,"Sheffield, England, UK"
Rumaan Alam,"Paramus, NJ, USA"
Susie Yang,"Shanghai, China"
Halsey,"Woodland Park, NJ, USA"
